y,z,x1,x2,x3,x4,x5,x6,x7,x8,x9,x10,x11,x12,g,y1,y0
22.40795389154315,0,1,0,1,0,0,0,0,1,0,1,1,1,33,11.8486095907211,22.40795389154315
-4.635662717993043,1,1,0,0,1,0,0,0,1,0,1,1,0,15,-4.635662717993043,4.186267955767661
16.406664542911557,0,0,0,0,1,0,0,1,1,1,1,1,1,33,36.91115012551614,16.406664542911557
11.002784460649945,0,0,0,0,1,0,0,0,2,0,1,0,1,22,38.59263528832139,11.002784460649945
36.10598659315548,0,0,0,0,0,0,1,1,2,0,1,0,1,20,1.4333797645643642,36.10598659315548
18.238240252312586,0,1,0,0,0,0,1,1,1,0,1,1,1,23,10.24611552792652,18.238240252312586
34.03780875590371,1,1,0,0,1,0,0,0,1,1,1,0,1,22,34.03780875590371,13.3359215082374
14.657897185071302,0,1,0,0,1,0,0,1,1,0,1,1,1,37,15.841529142548783,14.657897185071302
32.158506755954996,1,1,0,0,1,0,0,0,2,0,1,0,1,13,32.158506755954996,26.69597445107623
13.975204616290794,0,1,0,1,1,0,0,0,1,0,1,1,1,41,35.46804860487843,13.975204616290794
33.6774375638164,0,1,0,1,0,0,0,0,2,0,1,1,1,27,28.889337651702654,33.6774375638164
31.16145380353815,0,1,0,1,1,0,0,0,1,0,1,1,1,30,34.4913310961551,31.16145380353815
-7.547309351287389,0,0,0,0,1,0,0,0,1,0,1,1,1,22,24.59481808287611,-7.547309351287389
-15.117830146588688,0,1,0,1,0,0,0,0,2,0,1,1,1,25,9.945563951875059,-15.117830146588688
29.703869590216364,1,0,0,0,0,0,1,1,1,0,1,1,1,35,29.703869590216364,16.839873267352676
-5.094310524983351,1,0,0,1,0,1,0,0,1,0,1,1,1,26,-5.094310524983351,1.631803019168558
10.282375156061192,1,1,0,0,0,1,0,0,2,0,1,0,1,18,10.282375156061192,13.884979776474053
36.696724358413746,1,1,0,1,1,0,0,0,2,0,1,1,1,25,36.696724358413746,44.0170487966295
-10.538137235853387,0,0,0,0,0,1,0,0,1,0,1,1,1,27,25.143854339388113,-10.538137235853387
15.246247929383825,0,1,0,0,1,0,0,1,1,0,1,0,1,19,40.90139396146073,15.246247929383825
17.711396867824625,0,0,0,0,1,0,0,1,2,0,1,0,1,18,9.166642727612363,17.711396867824625
9.735375632640492,1,1,0,0,1,0,0,0,1,0,1,0,1,18,9.735375632640492,32.64468419286483
48.44079804032499,1,1,1,0,0,0,1,1,1,1,1,0,1,23,48.44079804032499,36.6285026438066
37.68945788136378,0,1,1,0,0,1,0,1,2,0,1,0,1,18,39.68749982776192,37.68945788136378
20.662703182474885,1,0,0,0,0,1,0,1,2,1,1,1,1,19,20.662703182474885,30.57103876357302
41.51365441086587,1,1,0,0,1,0,0,1,1,0,1,1,1,26,41.51365441086587,15.054063604216893
-4.233495710330221,0,0,0,1,0,0,1,0,1,0,1,1,1,28,-6.570108322349197,-4.233495710330221
16.24815685435252,1,0,1,1,0,1,0,0,1,0,1,1,1,23,16.24815685435252,21.59868569959161
22.669610591873084,0,1,0,1,0,0,1,0,2,0,1,1,1,25,32.00721049627506,22.669610591873084
12.034080264164972,1,0,0,1,1,0,0,1,1,1,1,0,1,20,12.034080264164972,30.078457910500752
25.54084509343945,1,0,0,1,0,1,0,0,1,0,1,1,1,34,25.54084509343945,-0.5093859587713148
29.638337181356068,0,1,1,0,0,1,0,0,1,0,1,1,1,29,67.71951374933973,29.638337181356068
21.4235335236219,1,1,0,0,0,0,1,0,2,0,1,1,1,26,21.4235335236219,26.353259698654938
20.163079196323086,0,0,0,1,0,1,0,0,1,0,1,1,1,23,20.310990329854835,20.163079196323086
-14.293006618719438,0,0,0,1,0,0,1,0,1,0,1,0,1,28,37.06397445186929,-14.293006618719438
32.289798402704214,0,1,1,1,0,1,0,1,1,0,1,1,1,28,47.97987587351011,32.289798402704214
12.398371478124199,1,0,0,0,1,0,0,1,1,0,1,0,1,28,12.398371478124199,27.038130504956307
30.903221007389973,1,1,0,0,0,1,0,0,1,0,1,1,1,27,30.903221007389973,10.719578484693152
-3.6927206130362222,0,0,0,1,0,0,1,0,2,0,1,1,1,32,5.965016355586211,-3.6927206130362222
38.77600324262834,0,0,0,0,1,0,0,0,2,0,1,0,1,15,-4.509505904165131,38.77600324262834
17.963483076441833,1,1,0,1,0,1,0,0,1,0,1,1,1,33,17.963483076441833,11.832798997236123
-1.4139614542525205,0,1,0,0,0,1,0,1,1,0,1,0,1,29,14.328420548181825,-1.4139614542525205
52.18956453047134,1,1,0,1,0,0,1,0,2,0,1,1,1,22,52.18956453047134,33.338868925951815
30.547421519317815,1,1,1,0,0,1,0,1,1,0,1,0,1,18,30.547421519317815,12.015454069034448
30.55965491035338,0,1,1,1,0,0,1,0,1,0,1,1,1,26,56.38825838712505,30.55965491035338
10.573389895817439,0,0,0,1,0,1,0,0,1,0,1,1,1,20,28.192390445355528,10.573389895817439
28.799932190490455,0,1,0,1,1,0,0,0,1,0,1,0,1,28,1.1631671153943515,28.799932190490455
22.67823333537908,0,1,0,1,0,0,1,0,1,0,1,1,1,34,18.035006442793986,22.67823333537908
3.0767577179690946,0,0,0,1,0,1,0,0,1,0,1,1,1,23,6.102838438251615,3.0767577179690946
28.753725925480992,1,1,0,1,0,1,0,1,1,1,1,0,1,24,28.753725925480992,23.79588677119353
21.88091882763119,1,1,0,1,0,1,0,0,1,0,1,0,1,21,21.88091882763119,-5.733276810211567
-12.055964460198817,0,0,0,0,0,0,1,0,2,0,1,0,1,24,-2.2697770266379855,-12.055964460198817
11.323475840412321,1,1,0,1,0,1,0,1,2,0,1,1,1,22,11.323475840412321,26.613887958085254
25.566575560800374,1,0,0,0,1,0,0,1,1,0,1,1,1,32,25.566575560800374,33.26277535376397
-13.317632918838715,0,0,0,0,0,1,0,0,1,0,1,1,1,23,12.980262664368167,-13.317632918838715
50.577406546798414,1,1,0,1,1,0,0,0,2,0,1,0,1,29,50.577406546798414,31.793163328479444
-2.4870364350960443,0,1,0,0,1,0,0,0,2,0,1,0,1,18,51.0484078850871,-2.4870364350960443
6.350968269062463,1,0,0,1,0,0,0,0,1,0,1,1,1,25,6.350968269062463,23.30651193973533
22.141701050134685,0,1,0,1,0,1,0,0,1,0,1,1,1,25,31.569228825319417,22.141701050134685
29.896434479334467,0,1,0,1,0,0,1,0,1,0,1,1,1,34,28.936818535463953,29.896434479334467
15.444031347950045,0,1,1,0,1,0,0,0,1,0,1,0,1,17,23.851595101007888,15.444031347950045
29.487210373431985,0,1,0,1,1,0,0,1,1,0,1,0,1,19,43.49695979329311,29.487210373431985
38.917419307543675,1,1,0,0,1,0,0,1,2,0,1,0,1,18,38.917419307543675,26.011838260844023
17.243961502708967,0,0,0,0,1,0,0,1,1,0,1,0,1,19,10.979261983518578,17.243961502708967
9.233191287592348,1,1,0,1,0,1,0,0,2,0,1,1,1,20,9.233191287592348,-6.512146868856643
29.818907910944446,1,0,0,1,0,1,0,0,1,0,1,0,1,40,29.818907910944446,-0.8229452727423787
10.712972715916516,0,1,0,1,1,0,0,0,1,0,1,1,1,25,15.13212950333435,10.712972715916516
16.954336845065775,0,0,0,0,0,0,1,1,1,0,1,1,1,28,8.647513803555851,16.954336845065775
34.92379278809826,1,0,0,1,0,1,0,0,1,0,1,1,1,26,34.92379278809826,13.05104989684924
-1.3518934873953317,0,0,0,1,0,1,0,0,1,0,1,0,1,24,3.3469295174112625,-1.3518934873953317
38.74788947699251,0,1,0,0,1,0,0,0,1,0,1,1,1,23,30.49949992573598,38.74788947699251
34.26654494189789,0,0,0,0,0,0,1,1,2,1,1,1,1,19,36.196868355429835,34.26654494189789
-5.87410270954253,0,0,0,0,0,0,1,1,2,0,1,1,1,22,24.419311255121585,-5.87410270954253
36.322501307763524,0,1,0,1,0,0,1,1,2,0,1,1,1,24,44.14285520878413,36.322501307763524
-9.378121954035809,0,0,1,1,0,0,1,0,2,0,1,0,1,26,2.498898821158628,-9.378121954035809
33.46150383503402,0,1,0,0,1,0,0,1,1,0,1,0,1,26,26.361958505921876,33.46150383503402
29.993785249141958,0,1,0,0,0,1,0,0,1,0,1,1,1,19,27.462916897069036,29.993785249141958
2.8708557071495475,0,0,0,0,0,1,0,0,2,0,1,1,1,20,4.088433491723586,2.8708557071495475
50.916613404445314,1,1,0,0,1,0,0,0,1,0,1,0,1,19,50.916613404445314,5.845912291206489
-21.18342364934631,0,1,0,0,1,0,0,0,2,0,1,0,1,16,24.15236458513219,-21.18342364934631
27.367863088198433,0,0,0,1,0,0,0,0,2,0,1,1,1,33,-1.9490262454326501,27.367863088198433
32.06892449789827,0,0,0,0,0,1,0,0,1,0,1,1,1,21,-4.666291918678752,32.06892449789827
-6.9815870251210335,0,1,0,0,1,0,0,0,1,0,1,0,1,18,20.569708557190875,-6.9815870251210335
20.19272867895594,0,1,0,1,1,0,0,1,1,1,1,1,0,26,49.43502849387118,20.19272867895594
29.004942930070634,1,1,0,1,0,0,1,0,2,0,1,1,1,28,29.004942930070634,10.452515821248884
-4.581144288896471,0,0,0,0,1,0,0,1,2,1,1,0,1,20,59.21900769590481,-4.581144288896471
52.077049006576424,0,1,0,0,0,1,0,1,1,0,1,1,1,26,13.28769483127981,52.077049006576424
21.22399664005465,0,0,0,1,0,1,0,0,1,0,1,1,1,25,40.05837228150183,21.22399664005465
-3.3425236429263663,0,0,0,0,0,1,0,0,1,0,1,1,1,19,-46.3599122693049,-3.3425236429263663
32.40857879275435,1,1,0,1,1,0,0,1,1,0,1,0,1,22,32.40857879275435,-5.5644131294405135
-10.046458907173383,1,0,0,1,0,0,0,0,2,0,1,1,1,24,-10.046458907173383,1.2451095456857093
20.445069732151328,0,1,0,0,0,1,0,1,1,0,1,0,1,22,-5.106674236725798,20.445069732151328
-3.0924150067773546,0,1,0,0,0,1,0,0,1,0,1,1,1,24,27.07352198920055,-3.0924150067773546
35.42740797449194,1,1,0,1,1,0,0,1,1,0,1,1,1,24,35.42740797449194,40.49156270265522
27.20359733694602,0,0,0,1,0,1,0,0,1,0,1,1,1,24,26.65881924044451,27.20359733694602
22.050827832102843,1,1,0,1,0,0,1,0,2,0,1,0,1,23,22.050827832102843,8.854507396356912
43.67993097034917,0,0,0,0,1,0,0,1,1,0,1,0,1,25,-6.22219589128224,43.67993097034917
50.84993336876924,0,1,1,1,0,1,0,1,1,0,1,1,1,23,8.372363884029436,50.84993336876924
42.273593912759424,1,0,0,1,1,0,0,0,1,0,1,1,1,19,42.273593912759424,-5.959632596720585
24.70571186281088,0,0,0,1,0,1,0,0,1,0,1,1,1,20,18.478517604907655,24.70571186281088
38.799772804192685,0,1,0,0,1,0,0,1,2,1,1,1,1,19,58.76067055034648,38.799772804192685
3.7118701391897115,0,0,0,0,1,0,0,0,2,0,1,0,1,19,20.363028879986565,3.7118701391897115
36.77385013224276,0,1,0,1,0,0,1,0,2,0,1,1,1,21,6.540788554325346,36.77385013224276
5.62749791672723,0,0,1,1,0,0,0,0,2,0,1,0,1,27,-15.740319629724839,5.62749791672723
17.89232758797797,0,0,0,1,0,0,0,0,2,1,1,1,1,26,12.876086526729383,17.89232758797797
7.218606709909822,0,0,0,0,0,1,0,1,1,0,1,0,1,29,-5.103431508229127,7.218606709909822
27.759861486069358,1,1,0,1,0,0,1,1,2,0,1,1,1,22,27.759861486069358,31.552227641308875
57.02892606276191,0,0,1,0,1,0,0,1,1,0,1,1,1,18,30.62827153912932,57.02892606276191
16.635430019532254,0,0,0,0,0,0,1,0,1,0,1,1,1,24,36.660771769731916,16.635430019532254
25.386247789441192,0,0,0,0,1,0,0,1,2,0,1,1,1,17,42.93639286258552,25.386247789441192
57.38359470458001,1,1,0,0,1,0,0,1,2,0,1,0,1,20,57.38359470458001,28.736840219677696
21.62208345939898,0,0,0,0,1,0,0,1,2,0,1,0,1,15,9.8532237209984,21.62208345939898
2.6852036000082498,0,0,0,0,0,0,1,0,1,0,1,1,1,22,29.4531346071307,2.6852036000082498
47.43577937367907,0,1,0,1,0,1,0,1,2,0,1,1,1,19,56.813532505206894,47.43577937367907
20.494061610270204,0,0,1,1,0,1,0,0,1,0,1,1,1,23,14.285527953261797,20.494061610270204
16.289929101729548,1,0,0,1,0,0,0,1,2,0,1,1,1,35,16.289929101729548,59.77075794087402
25.799918572586805,1,1,0,1,0,0,0,0,1,0,1,0,1,29,25.799918572586805,-2.683760822783084
28.55648832702596,1,0,0,1,0,0,1,0,2,0,1,1,1,25,28.55648832702596,32.576549323878844
38.26739388849942,0,0,1,0,1,0,0,1,1,1,1,1,1,23,45.87866113437297,38.26739388849942
-7.299945108593445,0,0,0,0,1,0,0,1,1,1,1,0,0,19,14.639793419815366,-7.299945108593445
2.9248398992647022,0,0,1,0,0,0,0,0,2,0,1,1,1,37,22.522064564085152,2.9248398992647022
-7.9544404627116165,0,0,0,1,0,1,0,0,1,0,1,0,1,21,23.927382394826807,-7.9544404627116165
35.76232182547318,0,1,0,0,1,0,0,1,1,0,1,1,1,28,13.437164597698604,35.76232182547318
30.522300456274856,0,0,0,0,1,0,0,1,2,0,1,1,1,17,12.302426975194338,30.522300456274856
50.47921708348838,1,1,0,1,1,0,0,1,2,0,1,1,1,27,50.47921708348838,87.66794240246833
43.71227831845384,0,0,0,1,0,0,1,0,1,0,1,1,1,24,30.283423641034922,43.71227831845384
20.93769095929219,0,1,0,0,1,0,0,1,2,0,1,0,1,20,30.262278340620778,20.93769095929219
17.85178649134093,0,1,0,0,0,1,0,1,2,1,1,1,1,20,37.204106967058415,17.85178649134093
0.8102463426034303,1,0,0,0,0,1,0,0,1,0,1,0,1,23,0.8102463426034303,-14.804527072548366
39.860102938997386,0,0,0,0,0,0,1,0,2,0,1,1,1,23,24.558179925893157,39.860102938997386
-2.1115958900071945,1,0,0,0,1,0,0,0,2,0,1,0,1,15,-2.1115958900071945,-11.776966436984338
11.410254061346912,1,1,0,0,0,1,0,0,2,0,1,0,1,19,11.410254061346912,0.8375451930923115
8.598299822818515,0,0,0,0,1,0,0,0,2,0,1,1,1,30,5.5174559944440045,8.598299822818515
38.372792955679,1,0,0,0,1,0,0,1,1,0,1,0,1,26,38.372792955679,-14.050311167354185
13.40319240225091,0,0,0,1,0,0,1,0,1,0,1,0,1,27,39.13911240268759,13.40319240225091
29.092476784261734,0,0,0,0,1,0,0,1,2,0,0,0,1,18,46.46567886516622,29.092476784261734
9.234613659534947,0,0,0,0,1,0,0,0,1,0,1,0,1,30,36.322719161297194,9.234613659534947
27.66034265265334,1,1,0,0,0,1,0,0,2,0,1,0,1,33,27.66034265265334,-15.634178355247304
45.184826152853304,0,1,1,0,1,0,0,0,1,0,1,1,1,29,26.109511755302478,45.184826152853304
-4.747879243479689,0,0,0,0,0,0,1,0,2,0,1,1,1,21,44.61947706347514,-4.747879243479689
14.674885739820414,0,0,1,1,0,0,1,0,1,0,1,1,1,34,36.02333927226368,14.674885739820414
30.443793884410848,0,1,0,0,1,0,0,0,2,0,1,0,1,15,44.47216860720417,30.443793884410848
36.035581340745544,0,0,1,1,0,1,0,1,1,0,1,1,1,29,-2.264961904540119,36.035581340745544
-4.960043061883152,0,0,1,0,1,0,0,0,1,0,1,0,1,39,30.6822627841795,-4.960043061883152
34.02028046639307,0,0,0,1,1,0,0,0,1,0,1,0,1,33,21.882364831517478,34.02028046639307
20.254492472622488,0,1,0,1,1,0,0,1,1,1,1,0,1,29,56.3862278599792,20.254492472622488
3.772571663007117,0,1,0,1,0,0,1,0,1,0,1,0,1,33,19.120318740606912,3.772571663007117
-1.1600951410124907,1,1,0,1,0,1,0,0,1,0,1,1,1,23,-1.1600951410124907,23.70874967320294
16.54167844614128,0,1,0,0,0,0,1,1,1,0,1,0,1,27,9.22240700153515,16.54167844614128
3.7725393464356154,0,1,0,0,1,0,0,0,1,0,1,0,1,36,3.2491772336002427,3.7725393464356154
49.27830302557592,1,1,0,0,1,0,0,1,1,0,1,0,1,24,49.27830302557592,40.64126094136278
20.594278684092842,0,0,0,1,1,0,0,0,1,0,1,0,1,34,44.86994743651625,20.594278684092842
19.32626081717462,0,1,0,0,1,0,0,1,2,0,1,1,1,25,69.06120174107568,19.32626081717462
10.820408085721022,0,0,0,1,1,0,0,0,1,0,1,0,1,31,8.857997863785624,10.820408085721022
45.834168667713875,1,1,0,1,1,0,0,1,1,0,1,0,1,24,45.834168667713875,31.833429859214977
35.306997265808896,0,1,1,0,1,0,0,0,1,0,1,1,1,21,16.558096732408536,35.306997265808896
27.729752769403227,0,1,0,0,1,0,0,1,2,0,1,0,1,19,23.655817564435814,27.729752769403227
32.06340530776602,1,1,0,0,1,0,0,0,2,0,1,0,1,17,32.06340530776602,17.539340148565536
23.602673716702906,0,1,0,0,0,1,0,1,1,0,1,0,1,29,13.265256436634438,23.602673716702906
3.3547537493619766,0,0,0,0,0,0,1,1,1,0,1,0,1,33,38.815057186828085,3.3547537493619766
24.05641170267485,0,1,0,0,0,1,0,0,1,0,1,1,0,22,10.765055130771781,24.05641170267485
-3.849267359995551,0,1,0,1,0,1,0,0,2,0,1,0,1,18,39.99403113676979,-3.849267359995551
0.13116885461396066,1,0,0,0,0,1,0,0,2,0,1,1,1,34,0.13116885461396066,2.3554726202220797
16.50982692503539,1,0,0,1,0,0,0,0,1,0,1,1,1,34,16.50982692503539,19.798909913571762
0.33695771084457293,0,0,0,0,0,0,0,0,2,0,1,0,1,28,19.206423711525133,0.33695771084457293
25.804899580508295,1,0,0,1,1,0,0,1,1,0,1,0,1,39,25.804899580508295,33.51807376166152
-10.350504006814726,1,0,0,0,0,0,0,1,1,1,0,0,1,33,-10.350504006814726,9.0523309508603
4.328088864015143,0,1,0,0,1,0,0,0,2,0,1,1,1,16,29.73289301194883,4.328088864015143
24.75109650292793,0,0,0,0,1,0,0,1,1,0,1,0,1,30,22.802242034577844,24.75109650292793
16.880572282878543,1,1,0,0,0,1,0,0,2,0,1,1,1,20,16.880572282878543,-7.785639380633665
22.979427404038855,0,1,0,1,0,1,0,0,1,0,1,1,1,39,8.115435434913316,22.979427404038855
23.55098324755533,0,1,0,1,1,0,0,1,1,0,1,0,1,34,83.35338658584041,23.55098324755533
-10.194382496394152,0,0,0,1,1,0,0,0,1,0,1,0,1,23,-8.722932335499399,-10.194382496394152
23.115052580243816,0,0,0,0,1,0,0,1,1,0,1,1,1,25,34.136748039010556,23.115052580243816
9.764533521607234,0,1,0,0,0,0,1,0,2,0,1,0,1,24,24.15207237126892,9.764533521607234
32.335648523627235,1,0,0,1,0,0,1,1,1,0,1,1,1,33,32.335648523627235,-6.5611785969715015
34.08252860571382,1,1,0,0,1,0,0,0,2,0,1,0,1,18,34.08252860571382,6.1088879604054345
36.222451717283704,1,0,0,0,1,0,0,0,2,0,1,0,1,17,36.222451717283704,26.411610271855714
-3.0307535004083093,0,1,0,0,0,0,1,0,1,0,1,0,1,29,16.22276074226717,-3.0307535004083093
13.125597949565904,0,1,0,0,1,0,0,1,2,0,1,0,1,21,42.015735180267875,13.125597949565904
-20.8434126885264,0,0,0,0,1,0,0,1,1,0,0,0,1,25,17.64149297163886,-20.8434126885264
33.69446939932214,0,0,0,1,0,0,0,0,1,1,1,1,1,32,17.305206765759873,33.69446939932214
9.17999120455916,0,1,0,0,1,0,0,1,2,0,1,0,1,21,8.694610590988312,9.17999120455916
10.4769682694827,0,0,0,1,0,0,1,0,1,0,1,1,1,32,6.872962721353511,10.4769682694827
-4.95021283812102,0,0,0,0,0,1,0,0,2,0,1,0,1,19,8.866473195557164,-4.95021283812102
72.79921558992145,0,0,0,0,1,0,0,1,2,0,1,1,1,17,31.280873478643684,72.79921558992145
-13.371095585881516,0,1,0,1,0,0,1,0,2,0,1,0,1,23,42.30175349939822,-13.371095585881516
19.310245907082493,0,0,0,0,1,0,0,0,2,0,1,1,1,17,-2.1694236370265934,19.310245907082493
4.842570800396407,0,1,0,0,1,0,0,0,2,0,1,0,1,18,30.86619481858973,4.842570800396407
-30.311003694973458,0,0,0,1,0,0,1,0,2,0,1,0,1,29,-18.873893716685075,-30.311003694973458
-2.341251560579316,0,1,1,0,0,1,0,1,1,0,1,0,1,23,15.913927903247686,-2.341251560579316
18.58510134272895,0,1,0,1,0,0,1,0,1,0,1,1,1,31,2.417337326317398,18.58510134272895
30.964495381048238,0,1,0,1,1,0,0,0,2,0,1,1,1,22,7.031101268015082,30.964495381048238
-3.4932470226557104,1,0,0,0,0,0,1,1,1,0,1,0,1,26,-3.4932470226557104,-12.871480551258347
5.51408386987451,1,0,0,0,0,0,1,0,2,0,1,0,1,27,5.51408386987451,8.53844896232928
27.897494201497075,1,0,0,0,0,0,1,1,2,0,1,0,1,35,27.897494201497075,31.41955482451017
29.81111051037435,0,0,1,0,1,0,0,1,1,0,1,1,1,20,37.47180561722812,29.81111051037435
23.393690792026025,0,0,0,1,1,0,0,1,1,0,1,1,1,37,18.674992731501703,23.393690792026025
-24.51944601263733,0,1,0,0,1,0,0,1,2,0,1,0,1,19,33.172373705080446,-24.51944601263733
9.232531027236977,0,0,0,1,0,1,0,0,2,0,1,1,1,26,-7.090199977894214,9.232531027236977
15.522028092113029,0,1,1,0,1,0,0,1,1,0,1,0,1,24,59.68569387950938,15.522028092113029
15.005888436703358,0,1,0,0,0,0,1,0,1,0,1,1,1,35,-4.4142524703365495,15.005888436703358
21.76011824153352,1,1,0,0,1,0,0,1,1,0,1,0,1,26,21.76011824153352,24.19928036041856
-2.561845164182688,0,0,0,1,0,1,0,0,1,0,1,0,1,29,31.677440482193397,-2.561845164182688
24.918645679320207,1,0,0,0,1,0,0,1,1,0,1,0,1,22,24.918645679320207,51.946290103334306
4.912409905904146,0,1,0,0,1,0,0,1,1,0,1,0,0,22,34.52319096261812,4.912409905904146
32.66766418038827,0,1,0,1,0,0,1,0,2,0,1,1,1,30,8.485762972615255,32.66766418038827
18.03287991973997,1,0,0,0,0,0,1,0,1,0,1,1,1,39,18.03287991973997,-5.698918169234425
-3.331931451452851,0,0,0,0,1,0,0,0,2,0,1,0,1,20,4.034323188513211,-3.331931451452851
45.3534677271512,1,0,0,0,1,0,0,1,1,0,1,0,1,24,45.3534677271512,23.758069497281618
-16.316906329563096,1,0,0,1,0,0,1,0,2,0,1,1,1,21,-16.316906329563096,22.354814827242148
8.842783372592603,0,0,0,0,0,1,0,0,1,0,1,1,1,23,19.04079657087405,8.842783372592603
8.771300808581895,0,0,0,1,1,0,0,0,1,0,1,1,1,32,19.259098135249275,8.771300808581895
31.754889019281848,0,0,0,1,0,1,0,1,1,0,1,0,1,39,20.773709543196876,31.754889019281848
23.834026822040318,1,1,0,0,1,0,0,0,2,0,1,1,1,26,23.834026822040318,4.618434621901585
6.860410561379555,0,1,0,0,1,0,0,0,2,0,1,0,1,20,28.191856852176333,6.860410561379555
-20.79249523592066,0,1,0,0,1,0,0,1,1,0,0,0,0,28,20.619570992898858,-20.79249523592066
-8.746100548424753,0,1,0,0,1,0,0,0,1,0,1,0,1,16,24.214996744817874,-8.746100548424753
-18.88772165707271,0,0,0,0,1,0,0,1,1,0,1,0,1,22,22.28684846766515,-18.88772165707271
-7.825545948781084,0,0,0,0,1,0,0,1,2,0,1,0,1,19,14.712524594591546,-7.825545948781084
1.0532265919801493,0,0,0,0,0,1,0,0,2,0,1,0,1,20,26.979737146990715,1.0532265919801493
36.98353994513606,0,1,0,1,1,0,0,0,2,0,1,1,1,23,17.372352484048804,36.98353994513606
19.364564522800272,0,0,1,0,1,0,0,0,1,0,1,0,1,18,31.43860582373965,19.364564522800272
3.418364434506792,0,1,0,1,1,0,0,0,1,0,1,0,1,37,39.04380118257622,3.418364434506792
37.862488407824216,0,1,0,1,0,1,0,0,2,0,1,1,1,28,48.415523905718594,37.862488407824216
21.59246333297419,1,1,0,1,0,0,0,0,2,0,1,1,1,31,21.59246333297419,32.145094349744454
39.57869142151573,0,1,0,1,1,0,0,0,1,0,1,0,1,18,37.45914827593936,39.57869142151573
11.006669229915415,0,1,0,0,1,0,0,0,1,0,1,0,1,16,2.230070610272172,11.006669229915415
29.956309040754626,0,1,0,0,1,0,0,0,2,0,1,0,1,18,12.155511433479697,29.956309040754626
40.08961183960133,0,1,0,1,0,1,0,0,2,0,1,1,1,20,23.292458070340363,40.08961183960133
27.417029974764166,0,1,0,0,0,0,1,0,1,0,1,0,1,30,18.019710033871867,27.417029974764166
32.066047278432855,0,1,0,0,1,0,0,1,2,1,1,0,1,21,37.178988086291874,32.066047278432855
37.9017870923572,1,1,0,0,0,0,1,0,2,0,1,0,1,21,37.9017870923572,-9.275137235774046
29.497778109618388,0,1,0,0,1,0,0,0,1,0,1,0,1,17,-25.373914008245237,29.497778109618388
52.57911958350833,0,1,1,1,0,0,1,0,1,0,1,0,1,27,19.890051322875877,52.57911958350833
0.9900470990470858,1,1,0,1,0,0,1,0,1,0,1,0,1,27,0.9900470990470858,9.978147791665824
37.70985582395379,1,1,0,0,0,0,1,1,1,0,1,1,1,27,37.70985582395379,2.133850625222564
18.43856423500565,0,0,0,0,0,0,1,1,1,0,1,1,1,32,30.8221844523225,18.43856423500565
-15.378780654655738,0,1,0,0,0,0,1,0,2,0,1,0,1,22,25.477796222280404,-15.378780654655738
43.70972021023127,0,0,1,0,1,0,0,0,1,0,1,0,1,17,1.8624109182088073,43.70972021023127
-1.5982288088594316,0,0,1,0,1,0,0,0,1,0,1,1,1,21,46.04280588825999,-1.5982288088594316
9.282319936004484,0,0,0,0,1,0,0,1,1,0,1,0,1,24,-4.099915816935528,9.282319936004484
22.832941553519795,1,0,0,0,1,0,0,0,1,0,1,0,1,42,22.832941553519795,5.256682461740866
16.111621175489773,0,0,1,0,1,0,0,0,1,0,1,1,1,22,14.281992449111229,16.111621175489773
33.38274908741454,0,1,0,0,0,1,0,0,2,0,1,1,1,22,12.644415433417228,33.38274908741454
-1.03839524793794,0,0,0,1,0,0,0,0,1,0,1,1,1,32,13.207477661320954,-1.03839524793794
27.057746546296848,0,1,0,0,0,1,0,0,2,0,1,1,1,23,28.870910801135707,27.057746546296848
4.154865730110306,1,1,0,1,0,0,0,1,2,0,1,1,1,26,4.154865730110306,28.49875036726635
27.239548852748634,0,0,0,1,0,0,0,1,2,0,1,1,1,28,-2.9542202660099406,27.239548852748634
9.84830496546023,0,0,0,1,0,0,1,0,1,0,1,1,1,22,19.372144982778934,9.84830496546023
54.58918173721898,0,0,0,0,0,1,0,0,2,1,1,1,1,30,36.36130311893763,54.58918173721898
29.700145031171594,0,1,0,1,0,0,0,0,1,0,1,1,1,31,14.072410823536131,29.700145031171594
44.729061115949534,0,0,0,0,1,0,0,0,1,0,1,0,1,22,-8.457160967952683,44.729061115949534
-14.583240008855029,0,1,0,0,1,0,0,0,2,0,1,0,1,16,28.40207295634189,-14.583240008855029
28.79847115197342,0,1,0,0,1,0,0,1,1,1,1,0,1,25,16.521374899249892,28.79847115197342
-5.613684248382443,0,0,0,0,1,0,0,0,1,0,1,0,1,19,37.669766764021404,-5.613684248382443
18.562453535108045,0,1,0,0,1,0,0,1,2,0,1,0,1,17,41.520697633038246,18.562453535108045
9.958148171404165,0,0,0,1,1,0,0,0,2,0,1,1,1,21,30.284656512390477,9.958148171404165
22.67299742490086,1,0,0,0,0,0,1,0,2,0,1,0,1,19,22.67299742490086,14.462156441034594
-0.021751017596826294,0,1,0,0,0,0,0,1,1,0,1,0,1,33,19.775055223383028,-0.021751017596826294
18.892936103252023,0,0,0,1,1,0,0,0,1,0,1,0,1,29,34.02050382650076,18.892936103252023
23.256565499879034,0,1,0,1,1,0,0,1,2,0,1,0,1,22,50.342168762578005,23.256565499879034
-0.8839111573038085,0,1,0,0,1,0,0,0,2,0,1,0,1,17,38.988477012008005,-0.8839111573038085
20.123467246883706,1,0,0,0,0,0,1,0,2,0,1,1,0,22,20.123467246883706,8.3407534406402
6.281435193825741,0,0,0,0,1,0,0,0,1,0,1,0,1,26,20.383919686005868,6.281435193825741
26.71062869673553,1,1,0,1,0,0,1,0,2,0,1,1,1,21,26.71062869673553,41.733342760033295
9.79962253737979,0,0,0,0,0,1,0,0,2,1,1,1,1,23,2.4234782408423445,9.79962253737979
38.41279718305334,1,1,0,1,0,1,0,0,2,1,0,1,1,28,38.41279718305334,49.75178282383848
27.099124561929866,1,1,0,0,1,0,0,0,2,0,1,1,1,17,27.099124561929866,7.281254261411782
10.248476547396944,0,0,0,1,0,0,1,1,1,1,1,0,1,21,23.66989453422347,10.248476547396944
20.214216580160485,0,1,0,1,0,1,0,1,2,0,1,1,1,22,50.88522907038073,20.214216580160485
50.31124253496789,0,0,1,0,0,0,1,1,2,0,1,1,1,23,19.75237077688059,50.31124253496789
4.811097782853096,1,1,0,0,0,0,0,0,2,0,1,1,1,34,4.811097782853096,14.7724882500059
51.291784863954966,1,1,0,1,0,0,1,0,1,0,1,1,1,37,51.291784863954966,32.75155077093033
32.4332098329583,1,1,0,1,0,0,1,1,1,1,1,1,1,25,32.4332098329583,41.37473860539602
5.901410379780509,0,0,0,0,0,1,0,0,1,0,1,1,1,27,6.908714945746375,5.901410379780509
12.834268741238105,0,1,0,1,0,0,1,0,2,1,1,1,1,32,45.410616446600876,12.834268741238105
18.139219237797665,0,0,1,0,0,0,1,1,2,0,1,1,1,27,45.38245164206494,18.139219237797665
31.01935642673798,0,1,0,1,0,0,0,0,1,0,1,1,1,36,38.94776145086057,31.01935642673798
40.753708468402905,0,1,0,1,0,0,1,1,2,0,1,1,1,21,68.62642067384533,40.753708468402905
-2.494325350328962,0,0,0,1,0,0,0,0,2,0,1,0,1,30,30.639278199071875,-2.494325350328962
22.264920687528026,0,0,0,1,0,1,0,0,2,0,1,1,1,32,21.742061606695223,22.264920687528026
5.808031621182806,1,0,0,0,0,0,1,0,2,1,1,1,1,23,5.808031621182806,11.85019805892044
40.904047105118536,1,1,0,0,0,0,1,0,1,0,1,1,1,27,40.904047105118536,16.842998372248204
18.304848205689837,1,0,0,0,0,1,0,1,1,0,1,0,1,23,18.304848205689837,9.76448591246938
35.04410089747938,0,1,0,1,1,0,0,0,2,0,1,0,1,20,26.624201050825484,35.04410089747938
16.00528790657698,1,1,0,1,0,0,0,0,1,1,1,1,1,28,16.00528790657698,14.813437914101875
28.9699894843935,0,0,0,0,1,0,0,1,2,0,1,1,1,17,49.859769424276124,28.9699894843935
-6.263661644317276,0,0,0,0,1,0,0,0,2,0,1,0,1,19,33.78560403382296,-6.263661644317276
38.511394926474466,1,1,0,0,1,0,0,1,2,0,1,1,1,18,38.511394926474466,35.8676075449737
22.613068906272453,1,0,0,1,0,0,0,0,2,1,1,1,1,34,22.613068906272453,12.533544268780695
-13.253940796678346,0,0,0,1,0,0,0,0,2,0,1,0,1,31,5.38723322612059,-13.253940796678346
19.221677224507946,1,0,0,1,1,0,0,1,1,0,1,0,1,32,19.221677224507946,12.848491541557173
13.570564933451502,0,1,0,1,0,0,1,0,2,0,1,1,1,32,28.6162052302378,13.570564933451502
11.56660597925675,1,0,0,0,1,0,0,0,2,0,1,1,1,18,11.56660597925675,35.353383203935024
24.966618673730174,1,1,0,1,0,0,1,0,2,0,1,1,1,39,24.966618673730174,20.092675061809835
17.34713876160523,0,1,0,0,0,0,1,0,2,1,1,1,1,31,3.995970013607039,17.34713876160523
13.00679217551544,0,0,0,1,0,0,0,0,2,1,1,1,1,34,3.970482865577061,13.00679217551544
15.0695445819879,0,1,0,1,0,0,1,0,2,0,1,1,1,27,64.7354398939642,15.0695445819879
26.489918430728352,1,1,0,1,0,0,1,1,2,0,1,1,1,28,26.489918430728352,42.463830393072115
22.60340500307946,0,1,1,1,0,0,0,0,1,0,1,1,1,33,49.46731722232993,22.60340500307946
-17.28549234510818,1,0,0,0,0,1,0,1,2,1,0,1,1,30,-17.28549234510818,26.250954548383774
12.052229373317509,0,0,0,1,0,0,1,0,1,0,1,0,1,35,3.5763130834033783,12.052229373317509
15.286706341237466,0,1,0,1,0,0,0,0,1,0,1,1,1,34,43.44275908092092,15.286706341237466
1.284057289061245,0,1,0,1,0,1,0,0,1,0,1,1,1,26,29.190109334368284,1.284057289061245
7.468702989354929,1,0,0,1,0,0,1,0,1,0,1,0,1,32,7.468702989354929,5.857748947603228
-10.147526326914118,0,0,0,1,0,0,0,0,1,0,1,0,1,29,-17.99290692913751,-10.147526326914118
29.660784641871835,0,1,0,1,0,1,0,1,2,1,1,1,1,21,47.75723415152609,29.660784641871835
76.32674804546849,0,1,0,1,0,1,0,1,1,1,1,1,1,27,28.529633516189236,76.32674804546849
13.30169277665587,0,1,1,1,0,0,0,0,2,0,1,1,1,30,41.19546482800434,13.30169277665587
32.1835479946197,0,0,0,1,0,1,0,0,2,1,1,1,1,27,34.23006511439725,32.1835479946197
-0.8769602600269728,0,0,0,1,0,1,0,0,2,0,1,1,1,20,24.059893828584144,-0.8769602600269728
10.222885351978954,0,1,0,0,1,0,0,0,2,0,1,0,1,14,53.15846455803354,10.222885351978954
11.412372976788738,1,1,0,0,0,1,0,0,1,0,1,0,1,26,11.412372976788738,-16.238905039244226
37.887008082722936,1,1,1,1,0,0,0,0,1,1,1,1,1,34,37.887008082722936,35.82859347346405
15.51841958571179,0,0,0,1,0,1,0,1,2,0,1,0,1,26,18.460187112478913,15.51841958571179
11.888902446284856,0,0,0,1,0,0,0,0,2,0,1,0,1,27,-14.744875327243077,11.888902446284856
-8.07061317476576,1,0,0,0,1,0,0,1,1,0,1,1,1,30,-8.07061317476576,24.535091010840524
10.359708600577596,1,0,0,1,0,0,0,0,1,1,1,1,1,34,10.359708600577596,9.051115312016938
12.073131185236836,1,0,0,1,0,0,1,0,2,0,1,1,1,23,12.073131185236836,33.6237965899782
38.69840585911781,1,0,0,1,0,0,1,0,2,0,1,1,1,25,38.69840585911781,29.86987942697445
9.608405086856237,0,1,0,1,0,0,0,1,2,0,1,1,1,29,27.34288724739582,9.608405086856237
7.747126507283426,1,1,0,0,0,0,1,0,2,0,1,1,1,27,7.747126507283426,16.82789965831585
23.727245244361217,1,0,0,0,1,0,0,1,1,0,1,1,1,32,23.727245244361217,37.093776680433265
23.229563237125095,0,1,0,0,1,0,0,1,2,0,1,0,1,16,22.368026643266155,23.229563237125095
5.828927665122237,1,1,0,0,0,1,0,0,2,0,1,1,1,23,5.828927665122237,30.95512245007053
12.185013128254047,0,1,0,1,0,0,0,0,2,0,1,0,1,34,38.52544666535216,12.185013128254047
8.554802214116828,0,0,0,0,0,0,0,0,2,0,1,1,1,28,-19.80599042986121,8.554802214116828
3.855552687149844,0,1,0,1,0,0,0,0,2,0,1,1,1,30,30.22121229061837,3.855552687149844
20.078358259132223,1,1,0,0,0,0,1,0,2,0,1,1,1,29,20.078358259132223,19.21376080025987
2.531189936214929,0,1,0,1,0,0,0,0,2,0,1,1,1,29,1.9386022075138953,2.531189936214929
28.382302717825556,0,0,0,0,1,0,0,0,1,0,1,0,1,22,20.795281442605116,28.382302717825556
30.20303998196817,1,0,0,1,1,0,0,0,1,1,1,1,1,28,30.20303998196817,25.461497739918038
2.936944104069461,0,0,0,1,0,1,0,0,2,0,1,1,1,23,1.2812242634013629,2.936944104069461
17.550570073764348,0,1,0,0,0,1,0,0,2,0,1,1,1,26,23.077817212213215,17.550570073764348
41.8165711391029,0,1,0,1,1,0,0,0,1,0,1,0,1,18,3.145003999569603,41.8165711391029
13.5837234391082,0,0,0,1,0,0,1,0,1,0,1,1,1,38,14.080555410740821,13.5837234391082
40.48121262626153,0,1,0,1,0,1,0,1,2,1,1,1,1,23,43.47955680243974,40.48121262626153
-13.36306832186973,0,0,0,1,0,1,0,0,2,0,1,0,1,31,63.41840620430998,-13.36306832186973
42.34689127340096,0,0,0,1,0,1,0,0,1,0,1,0,1,18,13.522796824664164,42.34689127340096
23.267499331887514,0,0,1,0,0,1,0,0,2,0,1,1,1,28,8.799371686223411,23.267499331887514
-2.513202359755031,1,0,1,1,0,0,1,0,2,0,1,1,1,27,-2.513202359755031,24.27881747497055
34.11429466695166,0,1,0,0,1,0,0,1,1,1,0,1,1,27,6.374208476652274,34.11429466695166
49.64817042355771,1,0,0,1,0,1,0,1,2,1,1,1,1,30,49.64817042355771,21.67995097738015
1.7284442051721953,0,0,0,0,1,0,0,1,2,0,1,1,1,16,17.02759697896049,1.7284442051721953
30.21717138826844,1,0,0,0,1,0,0,0,1,0,1,0,1,19,30.21717138826844,-0.463531241517261
52.38785285210862,0,1,1,1,0,0,1,1,1,0,1,1,1,26,41.4504321075134,52.38785285210862
29.84567664795248,0,1,0,1,1,0,0,0,2,0,1,1,1,22,48.55768620465939,29.84567664795248
5.675006484477336,0,0,0,0,1,0,0,1,1,1,1,0,1,22,10.20746973011391,5.675006484477336
0.7681706133065767,0,1,0,0,0,1,0,0,1,0,1,1,1,38,-2.978431430431929,0.7681706133065767
0.4501739810489678,0,1,0,1,0,0,0,0,1,0,1,1,1,33,27.16600258991176,0.4501739810489678
19.90545563636274,0,0,0,1,0,1,0,1,1,0,1,0,1,25,-5.0179191288618785,19.90545563636274
7.496723312048523,0,0,0,0,0,0,1,0,1,0,1,1,1,28,-22.774492435593118,7.496723312048523
37.496951728631714,1,1,0,1,1,0,0,1,2,0,1,0,1,19,37.496951728631714,28.295428132180238
49.914037655317955,0,1,0,1,0,0,1,0,2,0,1,1,1,27,19.607874061890996,49.914037655317955
38.66576206614275,1,1,0,0,1,0,0,1,1,0,1,1,1,22,38.66576206614275,17.633476893910448
23.220961699489862,0,1,1,1,0,1,0,0,2,0,1,1,1,19,40.08784325540865,23.220961699489862
39.28435874207572,0,0,0,1,0,0,0,0,2,1,1,1,1,27,38.52836010210266,39.28435874207572
22.037052732928732,1,0,0,1,0,0,0,0,2,0,1,1,1,23,22.037052732928732,29.153699414392907
20.646367191138438,0,1,0,1,0,0,0,1,2,0,1,1,1,36,30.975118180469774,20.646367191138438
7.500271565680297,0,0,0,1,0,0,0,0,2,1,1,1,1,33,35.711216457199264,7.500271565680297
31.45029425051446,0,0,0,1,0,1,0,1,1,0,1,1,1,24,11.519351188661794,31.45029425051446
19.479247213095512,0,0,0,0,0,1,0,1,1,0,1,1,1,34,42.06400307560898,19.479247213095512
38.1222618231874,0,1,0,1,0,0,1,0,2,0,1,1,1,27,34.775459932454254,38.1222618231874
17.740721611460774,1,0,0,1,0,0,0,0,2,0,1,1,1,30,17.740721611460774,21.24382266409328
35.892239293401005,1,0,0,0,0,1,0,0,1,0,1,1,1,30,35.892239293401005,14.514997869546768
13.133290941984006,0,1,0,1,0,0,1,0,2,0,1,1,1,31,63.205427290608256,13.133290941984006
48.86700994672789,0,0,0,0,1,0,0,1,2,1,1,1,1,38,53.225862193108554,48.86700994672789
33.99919664436368,1,0,0,1,0,0,0,0,1,1,1,1,1,38,33.99919664436368,25.590558162988426
23.800535808672933,0,0,0,1,0,0,0,0,1,1,1,1,1,34,9.997967853979553,23.800535808672933
-5.337328131231464,1,0,0,1,0,0,1,0,1,0,1,1,1,32,-5.337328131231464,15.998070068066145
28.42305058770473,1,1,0,1,0,0,0,0,2,0,1,1,1,32,28.42305058770473,26.493154676653024
-0.45036297234703326,0,1,0,1,0,0,0,0,2,0,1,1,1,32,33.846889385370794,-0.45036297234703326
33.7420577202842,1,0,0,1,0,0,1,0,1,0,1,1,1,26,33.7420577202842,-7.883224874697039
10.01615484496397,0,0,0,1,0,0,0,0,2,0,1,0,1,31,18.761460155559647,10.01615484496397
24.02416925244984,0,1,0,1,0,1,0,0,2,0,1,1,1,25,35.45427283819029,24.02416925244984
4.23062132904192,1,1,0,1,0,0,0,0,1,0,1,1,1,34,4.23062132904192,12.97662151058562
-6.197763819512318,0,0,0,1,0,0,1,0,2,0,1,0,1,36,17.662634753636063,-6.197763819512318
35.6662638155345,1,1,1,1,0,0,0,0,1,0,1,1,1,29,35.6662638155345,33.453346899973745
-23.962874816806888,0,0,0,1,0,0,0,1,2,0,1,1,1,31,55.54850930868849,-23.962874816806888
16.16828518311235,0,1,0,1,0,0,1,1,2,0,1,1,1,22,61.0904682024357,16.16828518311235
43.53096755283022,0,1,0,1,0,0,0,0,2,1,1,1,1,30,55.91104118016276,43.53096755283022
43.20708303122411,0,0,0,0,1,0,0,0,2,0,1,0,1,16,10.777891769125358,43.20708303122411
7.99978183458302,0,1,0,0,0,1,0,1,1,0,1,1,1,22,31.966545044525752,7.99978183458302
44.467975042731325,1,1,0,1,0,0,1,1,2,0,1,1,1,28,44.467975042731325,9.13400058113201
-3.392622979063656,0,0,0,0,1,0,0,1,2,0,1,0,1,17,27.895023653491222,-3.392622979063656
41.1294484589493,0,1,0,1,0,0,0,0,2,1,1,1,1,35,41.38383591013526,41.1294484589493
15.31344125655605,0,0,0,1,0,1,0,1,2,0,1,1,1,21,34.1591053940769,15.31344125655605
57.2758541159835,1,1,0,1,0,0,1,1,1,0,1,1,1,27,57.2758541159835,30.945065657466685
22.008201035071696,0,1,0,0,0,0,1,0,2,0,1,1,1,19,9.137310291467593,22.008201035071696
48.37532498698825,0,1,0,0,0,0,1,1,2,0,1,1,1,21,40.077752824267385,48.37532498698825
2.2273021088078657,1,1,0,0,0,0,1,1,2,0,0,0,1,27,2.2273021088078657,17.83260691782158
22.141160117455225,0,0,0,1,0,0,1,0,2,0,1,1,1,26,20.190912030345913,22.141160117455225
11.771109495043612,0,1,0,0,0,1,0,0,2,1,1,1,1,29,16.669083875393845,11.771109495043612
26.579042061777194,0,1,0,1,0,0,1,0,2,0,1,0,1,22,71.55101090624353,26.579042061777194
20.969892037986043,0,0,0,0,0,1,0,1,1,1,1,0,1,22,49.28469346297176,20.969892037986043
21.323409824732014,0,1,0,1,0,1,0,0,1,0,1,0,1,28,9.357166660447437,21.323409824732014
25.39629997294333,0,0,0,1,0,0,0,0,2,0,1,1,1,34,9.358851948883428,25.39629997294333
45.49745326320743,0,1,0,1,0,0,1,0,1,0,1,1,1,22,9.040023063746391,45.49745326320743
-21.666312451382396,0,0,0,1,0,0,1,0,2,0,1,0,1,26,-17.228847597818508,-21.666312451382396
31.80135107678012,1,1,1,1,0,0,0,0,1,0,1,0,1,36,31.80135107678012,33.67406713065718
10.363539893693282,0,1,0,0,0,1,0,1,2,1,0,0,1,25,45.10606396878625,10.363539893693282
49.85101777124212,1,0,1,1,0,0,0,0,1,0,1,1,1,32,49.85101777124212,-4.66863887237983
20.129569261007887,0,1,0,1,0,0,0,0,2,0,1,1,1,35,9.190070103450157,20.129569261007887
20.259232099626566,0,0,0,1,0,0,1,0,1,0,1,0,1,25,22.29455396910437,20.259232099626566
-8.233890133301,0,0,1,1,1,0,0,0,1,0,1,0,1,22,7.540526831716653,-8.233890133301
17.15724242543243,0,1,0,0,1,0,0,1,1,1,1,1,1,29,22.48571361593342,17.15724242543243
11.922807944989371,0,1,0,0,0,1,0,0,2,0,1,1,1,18,39.20851999381755,11.922807944989371
37.07365384330177,1,1,0,0,1,0,0,1,1,0,1,0,1,23,37.07365384330177,14.447015139941309
4.857758300137387,0,0,0,0,1,0,0,1,1,1,1,0,1,29,19.014713736821,4.857758300137387
24.955459411008512,1,0,0,0,1,0,0,0,2,0,1,0,0,15,24.955459411008512,34.932025845744704
22.396474469092645,1,1,0,1,1,0,0,0,1,0,1,1,1,21,22.396474469092645,20.236470928773556
25.557380180257567,0,0,0,0,0,1,0,0,1,0,1,1,1,28,0.7320388490798582,25.557380180257567
-0.4421718663484633,0,0,0,1,1,0,0,0,1,0,1,0,1,23,29.761005161413046,-0.4421718663484633
22.778715867428176,0,1,0,1,0,1,0,0,2,0,1,1,1,21,25.863981612942915,22.778715867428176
31.369520443133965,0,1,0,0,0,0,1,0,2,0,1,1,1,29,20.17365958993416,31.369520443133965
18.265121337842423,1,1,0,1,0,0,1,0,2,0,1,0,1,19,18.265121337842423,23.9575185789093
31.100977237532717,0,0,0,0,1,0,0,0,2,0,1,1,1,19,23.31243727679491,31.100977237532717
-13.588174000695098,0,0,0,0,0,1,0,1,1,0,1,0,1,26,20.499081745011253,-13.588174000695098
61.07459067435309,1,1,1,1,0,1,0,0,1,0,1,1,1,25,61.07459067435309,17.182762126246416
37.54068280408062,0,1,1,1,1,0,0,0,1,0,1,1,1,20,31.948222888304528,37.54068280408062
-5.550651525451196,1,0,0,0,1,0,0,0,1,0,1,1,1,30,-5.550651525451196,9.75784548203247
-1.7085521888187394,1,0,0,0,1,0,0,0,2,0,1,0,1,16,-1.7085521888187394,7.929489999558374
41.000546914182564,1,1,0,0,0,1,0,0,1,0,1,0,1,21,41.000546914182564,7.924333564565686
-8.771038409976748,1,0,0,0,1,0,0,0,1,0,1,0,1,18,-8.771038409976748,2.7540272846040583
8.266433890664068,0,1,0,1,1,0,0,0,2,0,1,1,1,28,34.33533225191238,8.266433890664068
-2.668652846749426,0,1,0,0,1,0,0,0,1,0,1,0,1,16,28.92573792194194,-2.668652846749426
36.514416887114066,1,1,0,0,0,0,1,1,1,0,1,0,1,24,36.514416887114066,-15.819048675512022
25.829054554391117,0,1,0,0,0,0,1,1,1,0,1,1,1,36,42.68787942410351,25.829054554391117
13.020508919195267,1,0,0,0,1,0,0,0,1,0,1,0,1,18,13.020508919195267,27.054825538702307
2.210945722820094,0,1,0,0,0,1,0,1,1,0,1,0,1,32,10.041003315837589,2.210945722820094
14.6003039607928,0,1,0,0,1,0,0,0,2,0,1,0,1,16,21.818581628763816,14.6003039607928
26.89874167709814,1,1,0,0,1,0,0,0,1,0,1,0,1,22,26.89874167709814,13.170709129543518
11.717120079355311,0,0,0,0,1,0,0,0,1,0,1,0,1,20,28.920672454460053,11.717120079355311
13.589958313383956,0,1,0,0,1,0,0,0,1,0,1,1,1,33,30.05381063207006,13.589958313383956
18.887615079589924,0,1,0,1,1,0,0,0,1,0,1,0,1,21,30.38977470288998,18.887615079589924
19.552986767768314,1,1,1,0,0,1,0,0,1,0,1,1,1,40,19.552986767768314,40.25341875186687
16.11754011626692,1,0,0,0,1,0,0,0,2,0,1,0,1,17,16.11754011626692,-3.216671558036589
65.36575365346414,1,1,0,0,1,0,0,0,2,1,1,1,1,18,65.36575365346414,26.421716514213244
5.69373805770371,1,0,0,0,1,0,0,1,1,0,1,0,1,22,5.69373805770371,15.297345176589438
-5.50054715413493,0,1,0,0,0,1,0,0,1,0,1,0,1,19,18.353244162091848,-5.50054715413493
36.12000076511956,0,1,0,0,1,0,0,1,1,0,1,0,1,16,33.952991480976294,36.12000076511956
13.263288912685868,0,0,0,0,1,0,0,0,1,0,1,0,1,30,-3.7803431809298953,13.263288912685868
23.842029195367495,1,1,1,0,1,0,0,0,1,0,1,1,1,35,23.842029195367495,-4.674827400683689
-2.6156592505562273,1,1,0,0,1,0,0,0,1,0,0,0,0,20,-2.6156592505562273,25.30924847862601
4.699843075496603,0,1,0,0,0,0,1,0,1,0,1,1,1,23,18.5577021689356,4.699843075496603
41.561486402400135,0,1,0,0,1,0,0,0,2,0,1,0,1,16,15.906433840926269,41.561486402400135
53.86954862762128,0,1,0,1,0,0,1,0,2,0,1,1,1,29,25.559174583127163,53.86954862762128
1.8173132860279075,0,1,0,0,1,0,0,1,2,0,1,0,1,18,42.750726045174154,1.8173132860279075
5.265012229589576,1,0,0,0,0,0,1,0,1,0,0,1,1,26,5.265012229589576,5.25725055902411
32.41855453976862,0,1,0,1,0,1,0,0,1,0,1,1,1,20,26.964539137135297,32.41855453976862
4.115068234744648,0,0,1,0,1,0,0,1,1,1,0,0,1,27,11.281516653798475,4.115068234744648
14.705962807445417,0,0,0,0,0,1,0,0,2,0,1,1,1,18,-8.575277353785628,14.705962807445417
-11.29290555474085,1,0,0,1,0,1,0,0,1,0,1,0,1,24,-11.29290555474085,-33.861309161707624
14.053550750158776,0,0,0,0,1,0,0,0,1,0,1,1,1,18,-4.955041444931689,14.053550750158776
30.85929340981672,0,1,0,0,1,0,0,0,2,0,1,1,1,17,25.082524613750046,30.85929340981672
3.3185597681969075,0,0,0,0,1,0,0,1,2,1,1,0,0,26,13.288534030989803,3.3185597681969075
-29.985816902759666,0,0,0,0,0,0,1,0,1,0,1,1,1,36,-12.065085264574238,-29.985816902759666
3.593703493441941,0,0,0,0,1,0,0,0,2,0,1,0,1,16,18.227045182398417,3.593703493441941
29.35915265977534,1,1,0,1,0,0,1,0,1,0,1,1,1,27,29.35915265977534,21.720605103780827
-13.555924231754503,0,1,0,0,1,0,0,0,1,0,1,0,1,30,22.46920857035727,-13.555924231754503
0.17670499302781906,0,1,0,0,1,0,0,0,1,0,1,0,1,23,24.56269052464074,0.17670499302781906
17.318823317524917,0,0,0,0,1,0,0,0,1,0,1,0,1,18,20.759033967747783,17.318823317524917
20.849199260093325,0,0,0,0,0,1,0,0,1,0,1,1,1,19,6.114543848319746,20.849199260093325
-9.260411948959458,0,0,0,0,1,0,0,0,2,0,1,0,0,15,-8.011392301606657,-9.260411948959458
0.6045774208616219,0,0,1,0,0,1,0,0,1,0,1,0,1,19,3.329741413460681,0.6045774208616219
30.099267132435095,0,0,0,0,1,0,0,1,1,0,1,1,1,27,4.560389616041171,30.099267132435095
8.796677372992635,0,0,0,0,1,0,0,1,1,0,1,0,1,26,52.888307322259514,8.796677372992635
9.855927535536997,0,0,0,0,1,0,0,0,1,0,1,0,1,18,16.854599264068355,9.855927535536997
-6.861828166718745,1,1,0,0,1,0,0,0,2,0,1,0,1,16,-6.861828166718745,18.660766875475282
21.776730664214323,1,0,0,0,1,0,0,0,1,0,1,0,1,17,21.776730664214323,5.615591599516899
41.44228779224344,0,0,0,0,0,1,0,0,1,0,1,1,1,21,13.301802438998786,41.44228779224344
25.459538076286176,0,0,0,0,1,0,0,0,1,0,1,0,1,19,10.342636765684773,25.459538076286176
24.321348717729844,0,1,0,0,1,0,0,1,2,0,0,0,1,15,24.814408987008072,24.321348717729844
17.125029204426983,1,0,0,1,1,0,0,0,1,0,1,0,1,25,17.125029204426983,11.953155221658887
12.098911053049061,0,0,0,0,0,1,0,0,1,0,1,0,1,26,-3.152485996887817,12.098911053049061
16.234798879785593,0,1,0,0,1,0,0,1,2,1,1,0,1,20,65.88045968965599,16.234798879785593
14.340454498395179,0,0,1,1,1,0,0,0,1,0,1,1,0,25,-28.548470614204547,14.340454498395179
3.4830256876521832,0,0,0,0,1,0,0,0,2,0,1,0,1,15,15.973779068432094,3.4830256876521832
0.3991557318390644,0,0,0,1,0,1,0,0,1,0,1,1,1,24,13.48351936789485,0.3991557318390644
13.886614847277764,0,0,0,0,1,0,0,1,2,0,1,0,1,20,16.628491772715023,13.886614847277764
22.247803790863497,1,0,0,0,0,1,0,0,1,0,1,0,1,19,22.247803790863497,-27.553521268830565
-5.042186806157545,0,0,0,1,1,0,0,1,1,0,1,0,1,27,35.26698033877429,-5.042186806157545
-11.089836393867412,1,0,0,0,1,0,0,0,2,0,1,1,1,17,-11.089836393867412,31.337097080232983
14.903902613728684,1,0,0,0,1,0,0,0,1,0,1,0,1,20,14.903902613728684,10.103031936641074
20.88434917646974,1,0,0,1,1,0,0,0,1,0,1,0,1,34,20.88434917646974,13.313377939705607
25.990853883463448,0,1,0,0,0,1,0,0,1,0,1,1,1,26,40.337696594687955,25.990853883463448
32.57200035644441,1,1,0,0,1,0,0,0,2,0,1,0,1,16,32.57200035644441,14.933912484094481
45.82292508811142,1,1,0,0,1,0,0,0,2,0,1,0,1,17,45.82292508811142,34.22809963031973
14.589950247219296,0,1,0,0,0,1,0,0,2,0,1,1,1,22,16.893910283011596,14.589950247219296
29.044431524085113,1,1,0,0,1,0,0,1,1,0,0,1,1,21,29.044431524085113,33.89826237622998
16.36553903692384,0,0,0,0,1,0,0,1,1,0,1,0,1,23,22.98231591307607,16.36553903692384
-0.4896063024893529,0,1,0,0,1,0,0,1,1,0,1,0,1,27,42.8935075444276,-0.4896063024893529
2.6382065917117785,0,1,0,0,1,0,0,0,1,0,1,0,1,22,34.389770181451,2.6382065917117785
16.632549956085043,0,0,0,0,1,0,0,0,1,0,1,0,1,25,19.662778493957497,16.632549956085043
33.23315284250279,0,1,0,1,1,0,0,0,1,0,1,0,1,21,-0.7301416554844593,33.23315284250279
-14.860617809091298,0,0,0,0,1,0,0,1,1,0,1,0,1,34,19.469155329926117,-14.860617809091298
29.50147685083346,0,0,0,0,1,0,0,0,2,0,1,0,1,16,31.716625364801274,29.50147685083346
0.11793498812231995,0,0,0,1,0,0,1,0,1,0,1,1,1,21,34.783479538876335,0.11793498812231995
29.993069023311214,0,0,0,0,0,1,0,0,1,0,1,1,1,22,20.662800132590796,29.993069023311214
-8.009939244524006,0,1,0,0,0,1,0,1,2,0,1,0,1,20,43.196199648510365,-8.009939244524006
20.07858374629676,0,1,0,0,1,0,0,0,1,0,1,0,1,22,11.130883239986492,20.07858374629676
-1.8997291466722857,0,1,0,0,0,0,1,1,1,0,0,0,1,27,41.60035282017741,-1.8997291466722857
27.49143851376752,0,1,0,0,0,1,0,0,1,0,1,0,1,31,12.22447400508583,27.49143851376752
33.135468493903176,0,1,0,0,0,1,0,0,1,0,1,0,1,25,9.44787619080038,33.135468493903176
4.933128747994864,0,1,0,0,0,1,0,0,1,1,1,0,1,20,24.277529739176043,4.933128747994864
-26.17955931299783,0,0,0,0,0,1,0,0,1,0,1,1,1,27,2.2423120471187534,-26.17955931299783
-3.3495706928896816,0,0,0,0,0,1,0,0,1,0,1,0,1,26,2.643795920520617,-3.3495706928896816
52.659800927623046,1,0,0,1,0,0,1,1,1,1,1,1,1,27,52.659800927623046,57.33358202935208
11.244263333260587,0,1,0,1,0,0,0,0,1,1,1,1,1,31,15.330851637219252,11.244263333260587
1.8693106942152138,0,0,0,0,0,1,0,0,2,0,1,1,1,31,21.77837554572121,1.8693106942152138
15.808964664169743,1,0,0,0,1,0,0,1,1,0,1,0,1,30,15.808964664169743,20.970927098988724
48.56731891745241,0,1,1,0,0,1,0,0,1,0,1,1,1,18,45.71656425420478,48.56731891745241
24.386835281250935,1,0,0,0,1,0,0,0,2,0,1,0,1,17,24.386835281250935,-4.580318452557014
-9.198207686115968,0,1,0,1,0,1,0,0,1,0,1,1,1,29,16.83229434357894,-9.198207686115968
29.365789243301407,0,1,1,1,0,0,1,0,1,0,1,1,1,34,52.575371583211606,29.365789243301407
10.714245788205481,0,1,0,0,0,1,0,0,1,0,1,0,1,25,18.56732393050245,10.714245788205481
32.23994857740315,1,1,0,0,1,0,0,1,2,0,1,1,1,17,32.23994857740315,41.82708259781362
27.97194774128053,0,1,0,0,1,0,0,1,1,1,1,1,1,22,17.862021161491626,27.97194774128053
16.411009152935943,0,1,0,1,1,0,0,0,1,0,1,0,1,27,28.668002149886668,16.411009152935943
-19.93395413639192,0,0,0,0,1,0,0,1,1,0,1,0,1,18,6.7566962148661,-19.93395413639192
25.0959213309902,0,1,0,0,1,0,0,0,2,0,1,1,1,16,42.99192653694947,25.0959213309902
54.350116341068414,1,1,0,1,0,0,1,0,2,0,1,0,1,23,54.350116341068414,22.58177581671029
57.08806460522855,1,1,0,0,1,0,0,0,1,0,1,0,1,19,57.08806460522855,17.359166158839237
7.08733743133425,0,1,0,0,1,0,0,0,2,0,1,1,0,16,29.94937038041031,7.08733743133425
7.892531279629063,0,0,0,1,0,1,0,0,1,0,1,1,1,34,6.3270234466443735,7.892531279629063
26.623952271466365,0,1,1,1,0,0,0,0,1,0,1,1,1,31,28.48824269806618,26.623952271466365
32.882376282852256,0,1,0,0,1,0,0,0,2,0,1,0,1,16,37.81993895070459,32.882376282852256
10.374997099960334,0,0,1,0,1,0,0,0,1,0,1,0,0,24,1.0754477534359168,10.374997099960334
20.60746393869797,1,1,0,0,0,1,0,1,1,0,1,0,1,31,20.60746393869797,15.332436149234004
25.95763031411975,0,0,0,1,0,1,0,1,1,1,1,1,1,24,15.545014133163134,25.95763031411975
36.77205630137039,0,1,0,0,0,0,1,1,2,0,1,1,1,19,35.83038537041432,36.77205630137039
16.37778329850294,0,1,0,1,0,0,1,0,1,0,1,1,1,42,19.629783828403657,16.37778329850294
29.221304382150016,0,0,0,0,0,1,0,0,2,0,1,1,1,22,-28.659540635888227,29.221304382150016
11.314939688821365,0,0,0,0,1,0,0,0,1,0,1,0,1,33,8.736860388562706,11.314939688821365
20.784721304138056,1,1,0,0,1,0,0,1,1,0,1,0,0,23,20.784721304138056,24.339247806111292
54.542512191242174,1,0,1,0,1,0,0,1,1,0,1,1,0,33,54.542512191242174,25.492112926544593
36.00078498158368,0,1,0,0,0,0,1,1,1,0,1,1,1,26,56.632833679487014,36.00078498158368
14.381495052673642,0,1,0,0,0,1,0,1,1,1,1,1,1,23,51.30197862591605,14.381495052673642
1.664984335504771,0,0,0,0,0,1,0,1,1,0,1,0,1,21,9.608429717765679,1.664984335504771
-12.269071224299424,0,1,0,0,0,1,0,0,2,0,1,0,1,18,26.038597801075362,-12.269071224299424
59.8397986017154,0,1,0,0,0,1,0,1,2,0,1,1,1,20,11.034706693176624,59.8397986017154
4.751715265332025,0,0,0,0,0,0,1,0,2,0,1,1,1,24,26.021650955484276,4.751715265332025
-12.380592338120545,1,0,0,0,0,1,0,0,2,0,1,1,1,20,-12.380592338120545,35.050029722865894
32.91944403355445,1,1,0,0,1,0,0,1,2,0,1,0,1,19,32.91944403355445,-1.1053278202215822
-2.4040534728042644,0,0,0,0,0,1,0,1,2,0,1,1,1,18,-19.84508127522747,-2.4040534728042644
28.324439159169145,1,0,0,0,0,1,0,0,1,1,1,1,1,26,28.324439159169145,-9.296189985895442
33.660130609645194,1,0,0,1,0,0,1,0,2,1,1,1,1,26,33.660130609645194,18.344906183841672
-0.19442250799154337,0,1,0,1,0,0,0,0,2,0,1,1,1,35,0.5261037157293345,-0.19442250799154337
-5.687411265122652,0,1,0,0,1,0,0,0,1,0,1,0,1,21,27.415210981317042,-5.687411265122652
22.651570741500066,0,0,0,0,0,0,1,1,1,0,1,1,1,27,22.468053415705533,22.651570741500066
-17.562563612226192,0,1,0,0,1,0,0,0,1,0,1,0,1,17,43.14218504907136,-17.562563612226192
34.64265197056815,0,1,0,0,0,1,0,0,2,0,1,1,1,23,-5.3002787342353095,34.64265197056815
9.201152411637501,0,0,0,0,1,0,0,0,1,0,1,0,1,21,-0.2377190920713801,9.201152411637501
10.320205972205848,0,1,0,0,1,0,0,0,2,0,1,0,1,18,43.96697394520753,10.320205972205848
28.95985231333524,0,0,0,1,0,0,0,0,2,1,1,1,1,23,39.58800308790489,28.95985231333524
30.76135468290337,1,0,0,1,1,0,0,1,1,0,1,0,1,27,30.76135468290337,7.8064954363108745
18.72389879347058,0,0,0,0,1,0,0,1,1,1,1,0,1,24,5.545929359266765,18.72389879347058
7.945432406879552,0,0,0,0,1,0,0,0,2,0,1,0,1,14,29.54060393532947,7.945432406879552
46.553689863152904,0,0,0,1,1,0,0,1,1,1,1,0,1,23,40.565631182016794,46.553689863152904
39.10887351444626,0,1,0,0,1,0,0,1,2,0,1,0,1,16,31.89606177872793,39.10887351444626
23.531284702733778,0,0,0,0,1,0,0,1,1,0,1,0,1,25,1.9543438634479138,23.531284702733778
24.433460196953256,0,1,0,1,0,1,0,0,2,0,1,1,1,23,45.02044677208903,24.433460196953256
29.924690763454805,0,0,0,0,1,0,0,1,1,0,1,0,1,22,29.336491573903814,29.924690763454805
-11.223273664351304,0,0,0,0,1,0,0,0,1,0,1,0,1,26,21.236911306433598,-11.223273664351304
19.52910153808366,0,1,0,1,0,0,0,0,2,0,1,1,1,36,21.274976152040274,19.52910153808366
47.04983469112776,1,0,1,1,0,0,1,1,1,0,1,1,1,29,47.04983469112776,36.26563051305916
9.237061601070302,1,0,0,0,1,0,0,1,1,1,0,0,1,18,9.237061601070302,-35.5855068332842
-31.590076346517726,0,0,0,0,1,0,0,0,1,1,1,0,1,19,1.7136865050595098,-31.590076346517726
7.566348464632892,0,1,0,1,0,0,1,0,2,0,1,1,1,24,23.355811770998745,7.566348464632892
24.81239208038634,0,0,1,1,1,0,0,0,1,0,1,1,1,22,61.138221046817186,24.81239208038634
40.24186254222552,1,1,0,0,1,0,0,0,2,0,1,0,1,16,40.24186254222552,19.44074113730234
34.026337676192014,0,1,1,0,1,0,0,0,2,0,1,1,1,16,11.740159806988181,34.026337676192014
-0.13993065904494273,0,0,0,1,0,0,0,1,1,1,1,0,0,28,27.425164521610853,-0.13993065904494273
28.393047173696836,0,1,0,0,0,1,0,1,2,0,1,1,1,29,59.7261573880682,28.393047173696836
-11.346515114221088,0,1,0,1,0,0,0,0,1,0,1,1,1,32,0.7180407816584768,-11.346515114221088
34.829103047843006,0,0,1,1,0,0,1,0,1,0,1,1,1,29,15.296182107161549,34.829103047843006
-6.3507735793731435,0,0,0,0,0,1,0,1,1,0,1,0,1,24,28.996450180348994,-6.3507735793731435
15.577002591385039,1,1,0,0,1,0,0,0,1,0,1,0,1,21,15.577002591385039,13.003736581867688
-2.9282066375520337,0,1,0,0,0,1,0,0,1,0,1,1,0,30,-0.6051132979618394,-2.9282066375520337
-3.1794427622319397,0,0,0,0,1,0,0,1,2,1,1,0,1,17,30.796425147855178,-3.1794427622319397
27.23372730217808,0,1,0,0,1,0,0,0,2,0,1,1,1,21,39.68357390289371,27.23372730217808
-5.601238037156062,0,1,0,0,1,0,0,0,2,0,1,1,1,15,20.08377701034029,-5.601238037156062
5.275253997278439,0,1,0,0,1,0,0,1,2,1,1,0,0,18,42.36576693125928,5.275253997278439
-33.011432504285494,0,0,0,0,1,0,0,0,2,0,1,0,0,15,10.362121494235474,-33.011432504285494
29.778654978146115,1,1,0,0,1,0,0,0,2,0,1,0,1,16,29.778654978146115,-11.871534130048868
39.438181026741375,1,1,0,1,0,0,0,0,2,0,1,1,1,22,39.438181026741375,31.035196556178896
1.3449132284956562,0,1,0,1,0,1,0,0,1,1,1,1,1,27,30.99427223312333,1.3449132284956562
-0.37547965511650716,1,0,0,1,0,1,0,1,1,0,1,0,1,25,-0.37547965511650716,1.0250312921438596
8.586630556326158,0,0,0,0,0,1,0,1,1,0,1,0,1,31,-49.56258809562501,8.586630556326158
27.728464144913687,0,1,0,0,0,1,0,0,1,0,1,0,1,22,25.645105594017934,27.728464144913687
18.58717595101077,0,1,0,1,0,0,0,0,2,0,1,1,1,27,29.967795125698323,18.58717595101077
44.28198414606148,0,0,0,0,0,0,1,1,2,0,1,1,1,24,3.4034857903949316,44.28198414606148
3.0582731919242754,1,0,0,0,0,1,0,1,2,0,1,1,0,29,3.0582731919242754,36.25158479723373
48.97393226047994,1,1,0,0,1,0,0,0,2,0,1,0,1,15,48.97393226047994,22.11196006191872
24.426207682182465,0,0,1,0,0,1,0,1,2,1,1,1,1,26,20.879009974307536,24.426207682182465
-15.030807265519071,1,0,0,0,0,1,0,0,2,0,1,0,1,21,-15.030807265519071,2.7652349055869254
32.751994741152856,0,1,0,0,1,0,0,0,2,0,1,1,1,20,21.209317360619654,32.751994741152856
41.25263061640401,1,0,0,0,1,0,0,1,2,1,0,0,1,14,41.25263061640401,10.055221956812076
9.86047616456418,0,1,0,0,1,0,0,0,1,0,1,0,1,18,19.900548243426215,9.86047616456418
38.15535543850431,0,1,0,0,1,0,0,0,2,0,1,0,1,15,53.649846435715986,38.15535543850431
33.71317896766013,1,1,0,0,0,0,0,0,2,0,1,1,1,32,33.71317896766013,-11.961823228595016
1.0917193413139596,0,1,0,0,0,1,0,1,1,0,1,0,1,24,31.84284454676358,1.0917193413139596
63.16774831847308,0,1,0,0,1,0,0,1,1,1,1,0,1,23,23.817438268980315,63.16774831847308
28.100929651982284,0,0,0,1,0,0,1,0,2,1,1,1,1,25,18.508021337774665,28.100929651982284
10.77071172400456,0,1,0,0,1,0,0,0,2,0,1,0,1,14,19.229559097883254,10.77071172400456
6.444831793024547,0,0,0,0,1,0,0,0,2,0,1,0,1,16,17.856288212387273,6.444831793024547
28.332490781927856,0,1,1,0,1,0,0,0,1,0,1,1,0,19,-14.76293163035141,28.332490781927856
-16.051234458087563,0,1,1,0,0,1,0,0,1,0,1,1,1,18,22.11823922193309,-16.051234458087563
25.70009729432037,0,0,0,0,0,0,1,0,2,0,1,1,1,23,20.720248450533433,25.70009729432037
6.866149398784252,0,1,0,0,0,1,0,0,1,0,1,0,1,18,14.336664823970084,6.866149398784252
36.438967778652426,0,1,0,0,1,0,0,0,2,0,1,0,1,19,23.470479314456497,36.438967778652426
14.64927302100231,0,1,0,1,1,0,0,1,2,0,1,0,1,22,10.325937267933217,14.64927302100231
22.305306903322126,0,1,0,1,0,1,0,0,1,0,1,0,1,18,16.433801088996493,22.305306903322126
11.877848371103665,1,0,0,1,1,0,0,0,1,0,1,1,0,20,11.877848371103665,6.515133398344944
-3.5882626175890344,0,0,0,1,1,0,0,0,1,0,1,0,1,24,6.562383312057243,-3.5882626175890344
14.834548217755566,0,1,0,0,1,0,0,0,1,0,1,1,1,18,39.34796562174409,14.834548217755566
-11.309743351508702,0,0,0,1,0,1,0,0,1,0,1,0,1,34,18.558995455665926,-11.309743351508702
-19.824504365406952,0,0,0,0,1,0,0,0,1,0,1,1,0,18,6.467702514282603,-19.824504365406952
-9.71856303369323,0,1,0,1,0,0,0,0,2,0,1,0,1,32,34.80789429489302,-9.71856303369323
-2.0477182535981253,0,0,0,0,0,1,0,1,1,0,1,0,1,25,15.750412049291416,-2.0477182535981253
43.15179945870119,1,0,0,0,1,0,0,1,1,1,1,1,1,35,43.15179945870119,16.075718117392267
7.72387672158426,0,0,0,0,1,0,0,0,2,0,1,1,1,18,38.80225701111137,7.72387672158426
47.598289500881464,0,0,0,1,1,0,0,1,1,0,1,0,0,18,-4.72740580590539,47.598289500881464
13.821038079170355,1,0,0,1,0,1,0,0,2,0,1,1,1,24,13.821038079170355,4.825992491188112
-20.929655930299635,0,0,0,0,1,0,0,0,2,0,1,0,1,17,28.68209941943828,-20.929655930299635
15.426587875424794,1,1,1,0,1,0,0,0,1,0,1,1,0,37,15.426587875424794,14.80045217776345
30.020695175051728,0,1,1,0,1,0,0,0,1,0,1,1,0,20,28.573405655785763,30.020695175051728
13.32811118158695,1,0,0,1,0,1,0,1,1,1,1,0,1,23,13.32811118158695,14.470268271161453
-4.6655182247754965,0,0,0,0,1,0,0,0,2,0,1,1,1,17,10.422992537085031,-4.6655182247754965
23.437466175955226,0,1,1,1,0,1,0,1,1,0,1,1,1,19,72.20655986330156,23.437466175955226
48.66116300860366,0,1,0,1,0,1,0,1,1,0,1,1,1,25,41.0986647783629,48.66116300860366
42.971846276614585,1,1,0,1,1,0,0,1,2,1,1,0,1,20,42.971846276614585,27.20339280631464
41.7019063060104,0,1,0,0,1,0,0,0,1,0,1,0,0,15,30.34251648095284,41.7019063060104
10.287824414109561,0,1,0,1,1,0,0,0,2,0,1,0,1,16,40.79230021735586,10.287824414109561
37.27979840162484,0,1,0,0,0,1,0,1,1,0,1,1,1,20,18.246913974947354,37.27979840162484
47.85132748577589,0,0,0,0,1,0,0,1,1,1,1,1,1,25,0.866723346861594,47.85132748577589
-16.95226512608174,0,0,0,1,1,0,0,0,2,0,1,0,1,17,12.346004959863201,-16.95226512608174
25.184282986411215,1,1,0,1,1,0,0,0,1,0,1,0,1,17,25.184282986411215,-12.967470926040413
36.02494092532847,1,1,1,1,0,1,0,0,1,0,1,1,1,22,36.02494092532847,55.43783420529883
19.96294861415755,0,0,0,1,0,1,0,1,1,0,1,0,1,22,8.623769707180266,19.96294861415755
-5.351334437733556,0,1,0,1,0,1,0,0,1,0,1,0,1,21,24.901004464537003,-5.351334437733556
27.896023298049514,0,0,0,0,1,0,0,0,1,0,1,0,0,18,7.38790369218137,27.896023298049514
11.079714036236211,0,1,0,1,1,0,0,0,1,0,1,0,1,20,30.929595754270334,11.079714036236211
33.98628305287604,0,1,1,0,0,1,0,1,1,0,1,1,1,23,57.892280864987306,33.98628305287604
10.772869927893687,1,0,0,1,0,0,1,0,1,0,1,1,1,24,10.772869927893687,69.8922495038653
15.519895556086201,0,0,0,0,0,1,0,0,2,0,1,1,1,19,30.224419116510205,15.519895556086201
46.873441602235374,0,1,0,0,1,0,0,0,2,0,1,1,1,17,11.238615790873553,46.873441602235374
39.39908778032342,1,1,0,0,0,0,1,1,1,0,1,1,1,21,39.39908778032342,-1.709329613761028
56.963079728656695,0,1,0,1,1,0,0,1,2,0,0,1,1,16,6.086950946288464,56.963079728656695
14.252957400377905,0,1,0,1,1,0,0,0,2,0,1,0,1,25,32.36218444735726,14.252957400377905
67.25812032833173,1,1,0,1,0,1,0,1,1,0,1,1,1,23,67.25812032833173,20.329729009137292
39.97898243645909,1,0,0,0,1,0,0,1,1,1,1,0,1,39,39.97898243645909,11.209639698256758
27.196821481194924,1,1,1,1,1,0,0,0,1,0,1,1,1,25,27.196821481194924,27.196865297529865
20.021932985665273,0,1,0,1,0,0,0,0,1,0,1,1,1,41,30.510629890458574,20.021932985665273
33.080367089197125,0,1,0,0,1,0,0,0,2,1,1,1,1,20,30.484791294757326,33.080367089197125
24.416675491404348,0,1,0,0,1,0,0,1,1,0,1,1,1,17,15.091398970728534,24.416675491404348
25.614844721755674,0,0,0,0,1,0,0,1,2,0,1,1,1,17,34.62953795442413,25.614844721755674
26.31273227045181,0,1,0,0,1,0,0,1,2,0,1,0,1,19,35.18815746619788,26.31273227045181
2.866726571456928,1,0,0,0,0,1,0,0,1,0,1,0,1,20,2.866726571456928,8.798988144507195
23.584549947792127,0,1,0,0,0,1,0,0,1,1,1,0,1,24,21.389059917061335,23.584549947792127
9.796567784452048,0,0,0,0,1,0,0,0,1,0,1,1,0,18,-1.9810554595387408,9.796567784452048
10.396278818629435,0,0,0,0,0,1,0,0,2,0,1,1,1,19,8.447771963260045,10.396278818629435
0.9936268014254388,1,1,0,1,0,1,0,0,2,0,1,1,1,20,0.9936268014254388,28.679537763017244
24.219882419557738,0,1,0,0,1,0,0,0,2,0,1,1,1,17,39.73817272989677,24.219882419557738
19.741887603574995,0,1,0,0,1,0,0,0,1,0,1,1,1,21,27.472090133951657,19.741887603574995
3.8939468611997388,0,1,0,0,1,0,0,0,2,0,1,0,1,19,13.04217985056832,3.8939468611997388
32.21067350221996,0,1,0,0,0,1,0,1,1,0,1,1,1,24,9.241901893032647,32.21067350221996
2.169954109458038,0,0,0,1,1,0,0,1,1,0,1,0,1,19,15.973119551874694,2.169954109458038
-9.102375222805286,0,0,0,0,0,1,0,1,1,0,1,1,1,22,26.466098680982398,-9.102375222805286
31.900415157230128,1,1,0,1,1,0,0,0,1,0,1,0,1,20,31.900415157230128,6.834885395777144
-15.15026445644936,0,0,0,1,1,0,0,1,1,0,1,0,1,28,19.995364530099465,-15.15026445644936
24.303759794929633,1,0,0,1,0,0,1,0,2,0,1,1,1,32,24.303759794929633,23.107899909538226
37.354926560793615,1,0,0,1,1,0,0,0,1,0,1,0,1,30,37.354926560793615,33.63268489146246
10.485406280654043,0,1,0,0,1,0,0,0,1,1,0,1,1,20,26.857828683430583,10.485406280654043
28.03746131176326,0,1,0,1,1,0,0,0,1,0,1,0,1,16,37.526976418359084,28.03746131176326
10.797644160393464,0,1,0,1,1,0,0,1,1,0,1,1,0,22,15.86422741847264,10.797644160393464
19.429453142062872,0,1,0,0,1,0,0,1,2,1,1,0,0,19,21.431470938045727,19.429453142062872
34.81341246592656,0,1,0,1,0,1,0,1,2,0,1,0,1,28,26.533023464763193,34.81341246592656
44.030935012237904,1,1,0,0,1,0,0,0,1,0,1,1,1,21,44.030935012237904,26.869683708505306
33.94650268436999,0,1,0,0,0,1,0,0,2,0,1,1,1,22,34.31660884000814,33.94650268436999
32.58223157794842,0,1,0,1,1,0,0,0,1,0,1,0,1,17,30.433173125914287,32.58223157794842
8.816623278227215,1,0,1,0,1,0,0,1,1,0,1,0,1,19,8.816623278227215,24.552561860468856
10.669974418855508,1,0,0,0,1,0,0,1,2,0,1,0,1,20,10.669974418855508,0.11624987711421753
23.373277660285545,0,1,0,0,1,0,0,0,1,0,1,1,1,20,27.995992256203078,23.373277660285545
4.2224923432767225,0,0,0,0,1,0,0,0,1,0,1,1,1,26,19.78510469563555,4.2224923432767225
31.807473502197357,1,1,0,1,1,0,0,0,1,1,1,1,0,34,31.807473502197357,48.48946174195477
21.28623816289408,0,1,0,0,0,1,0,0,1,0,1,0,1,22,15.295476519991201,21.28623816289408
38.11805227013343,0,1,1,0,0,1,0,1,1,0,1,1,1,23,40.74937832493781,38.11805227013343
20.64022162489066,0,0,0,0,1,0,0,0,1,0,1,0,0,15,0.963731414557019,20.64022162489066
44.184595907984935,1,1,0,1,0,0,1,1,2,0,1,1,1,23,44.184595907984935,58.05754636564018
-3.4918984204831833,1,0,0,1,0,1,0,0,1,0,1,0,1,21,-3.4918984204831833,-1.0216675996136129
67.11106532179286,0,1,0,1,0,1,0,1,1,0,1,1,1,21,19.63328727025838,67.11106532179286
1.5785602721608556,0,0,0,0,0,1,0,0,1,0,1,0,1,20,-3.740248065878376,1.5785602721608556
39.16316020547055,0,1,0,1,0,1,0,0,1,0,1,0,1,40,33.20552492334366,39.16316020547055
8.598685279994493,0,1,0,0,1,0,0,0,1,0,1,0,0,19,30.322839169868057,8.598685279994493
18.0334330007812,0,0,0,0,1,0,0,0,1,0,1,0,0,19,26.752902560144413,18.0334330007812
7.4574709960800245,0,0,0,1,0,1,0,0,1,0,1,0,1,25,21.783737993974153,7.4574709960800245
49.70701878341232,0,1,0,0,0,1,0,1,2,0,1,1,1,24,67.95526189978247,49.70701878341232
18.687988299871243,0,0,0,0,0,1,0,0,2,0,1,1,1,25,24.120606930069137,18.687988299871243
38.75733925474598,0,1,1,0,0,1,0,0,1,0,1,1,1,23,29.402722409611354,38.75733925474598
35.84765421338965,1,1,0,0,1,0,0,0,1,0,1,0,1,15,35.84765421338965,-6.411118264512417
5.0494979876912405,0,0,0,0,0,0,1,0,1,0,1,1,1,19,13.797645053827353,5.0494979876912405
21.223321876716017,1,0,0,0,1,0,0,0,1,0,1,1,1,19,21.223321876716017,14.43180298081019
30.39902312522423,1,1,0,1,0,1,0,0,1,0,1,1,1,19,30.39902312522423,23.857772075261952
24.715233243787345,0,1,0,1,1,0,0,1,2,0,1,1,1,22,40.55806248080931,24.715233243787345
24.52868845946579,1,0,0,0,1,0,0,1,1,0,1,1,1,19,24.52868845946579,-0.8531927242265347
-6.796253201346225,1,1,0,0,0,1,0,0,1,0,1,0,1,19,-6.796253201346225,29.633045358654474
7.674984738747741,0,1,0,0,0,1,0,0,1,0,1,0,1,22,21.341386290456544,7.674984738747741
42.135521403881114,0,0,0,1,0,1,0,1,2,0,1,1,1,28,-1.8409306716668077,42.135521403881114
-14.368816881351053,1,0,0,0,0,0,1,0,1,0,1,1,0,25,-14.368816881351053,13.645543041343199
-2.0416793878455692,1,1,0,0,0,1,0,0,2,0,1,0,1,17,-2.0416793878455692,22.281232034900846
39.7784217430227,1,1,0,0,0,1,0,0,2,0,1,0,1,22,39.7784217430227,16.912451144147614
9.80725723776344,0,0,0,0,1,0,0,0,2,0,1,1,1,17,24.180151939410752,9.80725723776344
38.33368089460852,1,1,0,0,0,1,0,0,2,0,1,1,1,19,38.33368089460852,21.368047802943472
24.8630100795265,0,0,0,0,0,1,0,0,1,0,1,1,1,21,0.8486042926508404,24.8630100795265
23.2658466500817,0,0,0,0,1,0,0,0,2,0,1,0,1,16,14.396322222094609,23.2658466500817
12.698298653367386,0,1,0,0,1,0,0,0,2,0,1,0,1,17,2.7728722696674453,12.698298653367386
43.54803052046118,0,1,0,1,1,0,0,0,1,0,1,1,1,18,12.117127133025964,43.54803052046118
41.68922476294229,0,0,0,0,1,0,0,1,1,0,1,0,1,20,13.314362584600403,41.68922476294229
-0.5264398385372111,0,0,0,0,1,0,0,0,1,0,1,0,1,28,8.998835832076137,-0.5264398385372111
39.86503990558371,0,0,0,0,1,0,0,0,1,0,1,1,1,19,25.27248555671755,39.86503990558371
3.0308455835322548,0,0,0,0,1,0,0,0,1,0,1,1,1,19,-16.751572444647337,3.0308455835322548
1.9605010074069238,0,0,0,0,1,0,0,0,2,0,1,0,1,18,27.129188695464798,1.9605010074069238
55.58820779582639,1,1,0,0,0,0,1,1,1,1,1,1,1,27,55.58820779582639,23.758671134743214
7.1599809325767545,1,0,0,0,1,0,0,0,2,0,1,1,1,16,7.1599809325767545,-3.529529672256711
27.06494349238583,0,1,0,1,1,0,0,0,1,0,1,0,1,19,29.919067469552274,27.06494349238583
39.94445492239751,0,0,0,0,1,0,0,1,1,1,1,1,0,30,25.39359822447455,39.94445492239751
-13.84720552218176,0,1,0,0,0,1,0,0,1,0,1,1,1,22,40.3197904520995,-13.84720552218176
41.250078053459994,0,0,0,0,1,0,0,1,2,0,0,0,1,16,3.5511703745830676,41.250078053459994
24.36082063391536,0,1,0,1,0,0,1,1,1,0,1,1,1,29,7.193754739691254,24.36082063391536
26.543245828676874,0,1,0,1,0,1,0,1,1,0,1,0,0,21,21.268392424281867,26.543245828676874
7.4390418730213845,0,0,0,0,0,1,0,0,2,0,1,0,1,18,6.438363189116144,7.4390418730213845
14.687488106672182,0,0,0,0,1,0,0,0,2,0,1,0,1,16,-5.7433367793326155,14.687488106672182
14.696915890030528,0,0,0,0,1,0,0,0,1,0,1,0,1,18,-7.201383521249925,14.696915890030528
15.681259899191904,0,0,1,1,1,0,0,0,1,0,1,0,1,38,46.517721139290174,15.681259899191904
4.618703898779234,0,0,0,0,0,1,0,1,1,0,1,1,1,25,32.72625453059068,4.618703898779234
26.27758169930448,1,0,0,0,1,0,0,0,1,0,1,1,1,26,26.27758169930448,-12.293934715483637
6.646993521984003,1,1,0,0,1,0,0,0,2,0,0,0,1,16,6.646993521984003,-1.9142816593640575
26.252700808005756,0,1,0,0,1,0,0,1,1,0,1,1,1,20,23.179337415555963,26.252700808005756
9.306679480352468,1,1,0,0,1,0,0,0,2,0,1,1,1,17,9.306679480352468,-2.923302229941662
35.310921562611036,0,1,1,0,1,0,0,0,1,0,1,1,1,20,9.01127894466358,35.310921562611036
21.818492710521856,1,1,0,1,0,1,0,1,1,0,1,0,1,30,21.818492710521856,16.56106775299469
22.07990265880087,0,0,0,1,0,0,0,1,2,1,1,1,1,31,40.489120399282726,22.07990265880087
-6.231454762789712,0,0,0,0,0,1,0,0,2,0,0,1,1,20,4.786905371397499,-6.231454762789712
28.635967694869205,0,0,0,1,0,1,0,1,2,1,1,1,1,28,33.71142351490349,28.635967694869205
17.39975050060559,0,0,0,1,0,1,0,1,1,0,0,1,1,31,-8.193025017888099,17.39975050060559
24.422535128388304,0,0,0,1,0,0,1,0,2,0,1,1,1,28,26.050815553717438,24.422535128388304
-2.459045608175707,1,1,0,0,0,0,1,1,1,0,1,1,1,30,-2.459045608175707,-8.973061431350157
15.53159970584404,0,0,0,1,0,1,0,0,2,0,1,1,1,24,5.400675474264352,15.53159970584404
1.8715508455293381,0,0,0,1,0,0,1,0,2,0,1,1,1,29,34.898771462092704,1.8715508455293381
23.10885177327667,0,0,1,0,0,0,1,0,2,0,1,1,1,30,39.05507781315595,23.10885177327667
16.370869725129843,0,0,0,1,0,1,0,1,2,0,1,0,1,22,8.080057625249632,16.370869725129843
26.660686345245335,1,1,0,1,0,0,1,0,1,1,1,1,1,27,26.660686345245335,30.1827365767808
27.74953293082964,0,0,0,0,1,0,0,0,2,0,1,1,1,17,13.944836167093666,27.74953293082964
14.067649377495362,0,1,0,1,0,1,0,0,1,0,1,1,1,24,40.16268410783809,14.067649377495362
7.958486386558317,0,1,0,0,0,0,0,0,2,0,1,1,1,34,17.663961834383546,7.958486386558317
23.301461913267563,0,1,0,1,0,0,1,1,1,0,1,0,1,25,28.522777311547337,23.301461913267563
16.671352639606372,1,0,0,1,0,0,1,0,1,0,1,1,1,28,16.671352639606372,20.429868545661357
56.162827522903015,0,0,0,1,0,0,1,1,2,0,1,1,1,28,8.055966520080489,56.162827522903015
2.5070758503698762,1,0,0,1,0,0,0,1,1,1,1,1,1,31,2.5070758503698762,15.465554328220298
29.438770179582452,0,0,0,0,1,0,0,0,2,0,1,1,1,15,31.39922362232549,29.438770179582452
40.701068320971345,1,0,0,1,0,1,0,0,1,0,1,1,1,22,40.701068320971345,20.863962880788698
16.44001275727562,0,1,0,0,1,0,0,1,2,1,1,1,1,22,53.81975819163222,16.44001275727562
18.746944682988286,1,1,0,1,1,0,0,1,1,1,1,1,1,25,18.746944682988286,16.440441123094413
40.47367636903586,0,1,0,1,1,0,0,1,2,0,1,1,1,20,16.026735615781117,40.47367636903586
-9.53588505362871,0,0,0,0,0,1,0,0,1,0,1,1,1,25,27.06115342975103,-9.53588505362871
5.240171572869352,0,0,0,1,0,1,0,0,1,0,1,1,1,24,5.762862716448048,5.240171572869352
-6.901280539690987,0,0,0,1,1,0,0,1,2,0,0,0,1,16,34.24539626196429,-6.901280539690987
20.96585808175933,1,1,0,0,0,1,0,1,1,0,1,1,1,27,20.96585808175933,56.092414190312475
23.18709223334683,0,0,0,1,0,1,0,1,1,0,1,1,1,27,30.67253967384777,23.18709223334683
0.4232406407075757,0,1,0,1,0,0,1,0,2,0,1,1,1,22,32.05489488368501,0.4232406407075757
12.723956914942011,0,0,0,1,0,0,0,0,1,0,1,0,1,34,45.35380385488127,12.723956914942011
9.27069130991237,1,1,0,1,0,0,1,0,1,0,1,1,1,34,9.27069130991237,21.5162299015089
18.782265897185802,0,1,0,1,0,1,0,1,2,1,1,1,1,26,48.8258012519229,18.782265897185802
47.653647662223484,0,1,0,1,0,0,0,1,1,1,1,1,1,34,12.248632978408224,47.653647662223484
20.172222495841037,0,0,0,1,0,0,0,0,2,1,1,1,1,33,7.002258837505103,20.172222495841037
47.75599434410397,0,1,0,1,1,0,0,1,2,1,1,1,1,23,23.610826693385757,47.75599434410397
40.18121749577836,1,1,0,0,1,0,0,0,2,1,1,1,1,18,40.18121749577836,51.33854859232791
11.693452016023958,0,0,0,1,0,1,0,1,2,0,1,1,1,23,8.105938013013718,11.693452016023958
19.99787259660646,0,0,0,0,1,0,0,0,2,1,1,0,1,16,29.69998403328184,19.99787259660646
13.975078621785023,0,0,0,1,0,0,1,0,1,0,1,1,1,31,33.47303853264075,13.975078621785023
3.826084303679206,0,0,1,1,0,1,0,0,1,0,1,0,1,24,23.52880489169428,3.826084303679206
38.1897272982132,0,1,0,1,0,0,1,0,1,0,1,1,1,32,22.63742875050866,38.1897272982132
-2.197725099101362,0,0,0,1,0,0,0,0,2,0,1,1,1,31,45.932704013805875,-2.197725099101362
4.313634351570968,1,1,0,1,1,0,0,1,1,0,1,0,1,25,4.313634351570968,7.694251446652386
2.4222834013482952,1,0,0,1,0,1,0,0,2,0,1,1,1,18,2.4222834013482952,-6.832185279871862
14.177824822732301,0,1,0,1,0,1,0,1,1,0,1,1,1,26,31.12985501068711,14.177824822732301
-14.816331594249704,0,1,0,0,1,0,0,0,2,0,1,1,1,18,46.17967515001511,-14.816331594249704
-1.0244856312667672,0,0,0,1,1,0,0,1,1,0,1,0,1,32,49.470594173098306,-1.0244856312667672
13.446503276925863,0,0,0,0,1,0,0,0,2,0,0,0,1,16,11.488710736961687,13.446503276925863
40.14804144933296,1,1,0,1,0,0,0,0,1,0,1,1,1,35,40.14804144933296,9.527041356140117
16.339053341840984,0,0,0,1,0,0,1,0,2,0,1,1,1,30,39.038833271910875,16.339053341840984
-23.315543927165265,0,0,0,1,0,0,0,1,1,1,1,0,1,42,-22.819989559600963,-23.315543927165265
0.5284214203263353,0,1,0,0,0,0,1,0,1,0,1,1,0,24,-2.5402064913048186,0.5284214203263353
34.78723158278238,0,1,0,1,0,1,0,0,2,0,1,1,1,30,24.921072871758653,34.78723158278238
44.897984969309626,0,1,0,0,0,1,0,1,1,0,1,0,1,27,36.453344684870274,44.897984969309626
23.500690456487465,0,0,0,0,0,0,0,0,2,0,1,1,1,32,0.9971316680545819,23.500690456487465
-2.291848020719005,0,1,0,0,0,1,0,1,1,0,1,1,1,26,38.81103340696891,-2.291848020719005
23.860132295795957,1,1,0,0,1,0,0,1,1,0,1,1,1,23,23.860132295795957,27.61956389934855
14.785045638697724,0,0,0,0,0,0,0,1,1,0,1,1,1,31,-5.098597873092947,14.785045638697724
15.148234525002783,0,1,0,1,1,0,0,0,2,0,1,0,1,19,19.545918867255473,15.148234525002783
32.51609649423176,0,0,0,0,1,0,0,1,2,1,0,1,1,27,56.36376946635757,32.51609649423176
4.860086887703641,1,1,0,1,0,0,0,0,1,0,1,1,1,34,4.860086887703641,21.542961942132205
12.222724521515756,0,0,0,1,1,0,0,0,2,0,1,0,1,19,14.633456297081963,12.222724521515756
9.407860826181208,1,1,1,0,0,0,1,0,1,1,0,0,1,23,9.407860826181208,-2.2380338764806638
13.934334621069077,1,0,1,1,0,0,1,0,1,0,1,1,1,23,13.934334621069077,-5.049469303575847
36.16875181444468,1,0,0,1,0,0,1,1,2,0,1,1,1,27,36.16875181444468,32.95678412211824
14.47734627593176,0,1,0,1,0,0,1,0,2,0,1,0,1,33,35.14601205778131,14.47734627593176
21.790213165598384,0,0,0,1,0,0,0,0,2,0,1,1,1,38,-1.5916964658978028,21.790213165598384
36.52992447312499,0,1,1,0,1,0,0,1,1,0,1,1,1,26,26.011331292291164,36.52992447312499
-29.72511600494345,0,0,0,1,0,0,0,0,2,0,1,1,1,30,-9.39239733209922,-29.72511600494345
1.3691227959922614,1,1,0,1,1,0,0,1,1,0,0,0,0,30,1.3691227959922614,-8.277183585047428
37.76303126438967,1,1,0,1,0,0,1,0,2,0,1,0,1,24,37.76303126438967,54.71332348584394
24.696617467133244,0,1,1,1,1,0,0,0,1,0,1,0,1,34,23.850882889863577,24.696617467133244
-1.739103339948116,0,0,0,1,1,0,0,1,1,0,1,1,1,28,15.416642630418991,-1.739103339948116
3.5198798273545027,0,0,0,1,1,0,0,1,1,0,1,0,1,19,20.102532487934887,3.5198798273545027
37.69710714554093,1,0,0,1,0,1,0,0,1,0,1,1,1,32,37.69710714554093,18.90242374572567
10.398172667442239,1,1,0,1,0,0,0,0,2,1,1,1,1,39,10.398172667442239,19.98490254571958
16.497214762878233,0,0,1,1,1,0,0,0,2,0,1,1,1,25,16.788775474974543,16.497214762878233
-9.006111195028168,1,1,0,0,0,1,0,1,2,0,0,1,1,19,-9.006111195028168,38.0201549950734
-6.633999214434482,0,0,0,1,1,0,0,0,2,0,1,1,1,22,19.13075855336249,-6.633999214434482
44.914380616709856,0,1,1,1,0,0,0,1,2,0,1,1,1,25,38.52340245904158,44.914380616709856
30.784267602109107,1,1,0,0,0,1,0,1,1,1,0,1,1,28,30.784267602109107,2.419848082492802
16.45533324206655,0,1,0,0,0,1,0,1,1,0,1,1,1,35,33.380776265911926,16.45533324206655
24.557764518501337,0,1,0,0,0,0,1,0,2,0,1,1,1,30,38.336080534566335,24.557764518501337
35.31913542830009,0,1,0,1,0,1,0,0,2,0,1,1,1,25,27.854709072258338,35.31913542830009
20.456986996317603,0,0,0,0,0,0,1,0,1,0,1,1,1,33,-6.057923311231653,20.456986996317603
36.32861528810024,0,0,0,1,0,0,1,0,2,0,1,1,1,27,16.051054710869273,36.32861528810024
15.694280494837203,0,0,1,0,0,1,0,0,1,0,1,1,1,21,41.30836231176303,15.694280494837203
28.432520070009694,0,0,0,1,0,0,0,0,1,0,1,1,1,33,6.737114816447956,28.432520070009694
31.327336976082112,0,1,0,1,1,0,0,0,1,0,1,0,1,28,14.56965394373139,31.327336976082112
13.207415914701643,0,0,0,1,0,0,0,0,1,0,1,1,1,40,39.89410496690464,13.207415914701643
-16.697051973215626,0,1,0,1,0,1,0,0,2,0,1,0,1,24,5.279995866721912,-16.697051973215626
45.940177567241946,0,1,0,1,1,0,0,0,1,0,1,1,1,31,52.09209949622252,45.940177567241946
11.564001370889574,0,0,0,1,0,1,0,1,1,0,1,1,1,29,32.13637958902821,11.564001370889574
33.07871475487358,0,1,0,0,0,1,0,0,2,0,1,1,1,24,16.246394249355802,33.07871475487358
48.44462967728495,0,1,1,1,0,0,1,0,1,0,1,1,1,33,0.8120775252882595,48.44462967728495
-10.68747950300807,0,1,0,1,0,0,1,0,1,0,1,0,1,32,33.147029853143096,-10.68747950300807
-7.648534414078171,0,1,0,1,0,1,0,0,2,0,1,0,1,19,-8.066403881423184,-7.648534414078171
36.24245497911537,0,1,0,1,0,0,1,0,1,0,1,1,1,27,11.888638779426847,36.24245497911537
35.819833104120264,1,0,0,0,1,0,0,1,2,0,1,1,1,21,35.819833104120264,38.16724604101155
46.788485788514976,1,0,0,0,0,1,0,1,1,1,1,1,1,27,46.788485788514976,25.422657499024513
19.505800927109888,0,0,0,1,0,0,0,0,2,0,1,1,1,33,11.679161183872955,19.505800927109888
15.668512148450866,0,0,0,1,0,1,0,1,1,0,1,1,1,25,34.23689381882824,15.668512148450866
12.128212617211847,0,1,0,1,1,0,0,1,1,0,0,1,1,33,12.236730508878578,12.128212617211847
4.42477401374051,0,1,0,0,1,0,0,1,2,1,1,1,1,20,67.98154392815519,4.42477401374051
13.469104661776901,0,1,1,1,0,1,0,0,1,0,1,1,1,28,0.7159754999006509,13.469104661776901
36.99803903543769,0,0,0,1,0,0,1,1,2,0,1,1,1,23,-11.779831974728275,36.99803903543769
12.686199613115372,0,0,0,0,0,1,0,1,1,1,0,0,1,29,-2.8992434792926502,12.686199613115372
43.41556029063096,1,1,1,0,1,0,0,1,1,0,1,1,1,21,43.41556029063096,77.93998326832295
18.704342677988862,0,0,0,1,1,0,0,0,2,0,1,1,1,25,39.58528388054236,18.704342677988862
20.222140726793214,0,1,0,1,0,0,0,0,1,0,1,0,1,27,35.523774453341225,20.222140726793214
-7.620775130938425,1,0,0,0,1,0,0,1,1,0,0,0,1,33,-7.620775130938425,-9.418432127082998
38.930443848056065,0,1,0,1,0,0,0,0,2,0,0,1,1,34,36.787829717820514,38.930443848056065
15.993674378579334,1,1,0,1,0,0,1,0,2,0,1,0,1,32,15.993674378579334,14.413827471333603
18.61919877337512,0,1,0,0,1,0,0,0,2,0,1,0,1,17,41.5145546907626,18.61919877337512
25.486189734548105,0,0,0,1,0,0,0,0,2,0,1,1,1,32,19.62024359072518,25.486189734548105
83.52461251587451,0,1,1,1,0,0,1,1,1,0,0,1,1,32,31.629918835321,83.52461251587451
-9.352524823307471,0,1,0,0,0,1,0,0,1,0,1,0,1,20,36.25106745869292,-9.352524823307471
4.275472139990207,0,0,0,1,0,1,0,1,1,0,1,1,1,20,31.49223357129455,4.275472139990207
-1.6697508509259222,1,0,0,1,0,0,0,0,2,0,1,1,1,27,-1.6697508509259222,2.7674798124705493
3.8470460964331057,1,0,0,1,0,0,0,0,2,0,1,1,1,22,3.8470460964331057,45.59224890120794
37.13850167983047,0,1,0,1,1,0,0,1,1,0,1,0,1,20,13.514959645488545,37.13850167983047
14.478022984804712,0,0,0,1,0,1,0,0,1,0,1,1,1,31,6.840991679739609,14.478022984804712
50.499997433065104,0,1,0,1,0,1,0,0,2,0,1,1,1,26,50.308494290436265,50.499997433065104
22.796792527233023,0,1,0,0,0,0,0,1,1,0,0,0,0,33,5.407597203599777,22.796792527233023
43.41917550794737,0,0,0,0,0,0,1,1,2,0,1,1,1,24,26.684831485663302,43.41917550794737
16.79037720505197,0,1,0,1,0,0,0,0,1,0,1,1,1,33,13.474016296964525,16.79037720505197
18.458835846466332,0,1,0,1,0,0,1,0,1,0,1,1,1,35,53.05475878735489,18.458835846466332
16.31780486836097,0,1,0,0,1,0,0,1,2,0,0,0,1,20,17.047670817915343,16.31780486836097
20.821418536215063,1,0,0,1,0,0,1,0,2,0,1,1,1,22,20.821418536215063,35.0831035574614
10.385871572829288,1,1,0,1,0,0,1,0,1,0,1,1,1,28,10.385871572829288,14.651275169398073
16.281705916393,0,0,0,0,1,0,0,1,2,0,1,1,1,20,47.595278216233936,16.281705916393
24.898616566409977,1,1,0,0,0,0,1,0,2,0,1,1,1,32,24.898616566409977,-5.393989616241569
5.328496557488332,0,0,1,0,1,0,0,0,1,0,1,0,1,22,0.7476566607259869,5.328496557488332
-9.015009096122531,1,0,0,1,0,0,0,0,2,0,1,1,1,28,-9.015009096122531,17.078533210947217
-1.727973449998915,0,0,0,1,0,0,1,0,1,0,1,0,1,33,4.288111499716908,-1.727973449998915
16.81237308320558,0,1,0,1,1,0,0,1,2,0,1,1,1,20,33.87090363291336,16.81237308320558
10.940621209183067,0,0,0,0,1,0,0,0,1,0,1,0,1,35,27.320652149881127,10.940621209183067
14.093348136383067,1,0,0,0,1,0,0,1,1,0,1,0,1,21,14.093348136383067,18.49900609625424
-17.93205139458562,0,1,0,1,0,0,0,0,2,1,0,1,1,43,42.28447364310892,-17.93205139458562
-3.4023571839745372,0,0,0,1,0,1,0,1,1,0,1,1,1,28,2.0420736527325296,-3.4023571839745372
-5.299134297470552,1,0,0,0,1,0,0,0,2,0,1,0,1,17,-5.299134297470552,23.392511371260944
26.789381902547113,0,1,0,0,1,0,0,0,2,0,1,0,1,16,20.862938302813014,26.789381902547113
12.157448694063165,0,0,0,1,0,0,0,0,2,0,1,1,1,28,18.89634250623579,12.157448694063165
52.69465393696421,0,0,0,1,0,0,1,0,2,0,1,1,1,28,17.81372433720311,52.69465393696421
-4.703826959456874,1,0,0,1,0,1,0,1,1,0,1,0,1,25,-4.703826959456874,-23.31589242649615
-0.42276851821337047,0,1,0,1,0,0,0,0,2,0,1,1,1,23,40.694417590614634,-0.42276851821337047
21.69619222147487,1,1,0,1,0,0,0,0,2,0,1,1,1,35,21.69619222147487,44.97033101971081
28.018494593289116,0,0,1,0,0,0,1,1,1,0,1,1,1,27,19.411872776720116,28.018494593289116
9.399543792992906,0,1,0,0,1,0,0,1,2,0,1,0,1,32,45.59988262550067,9.399543792992906
-10.006139321837232,0,1,0,0,0,0,1,0,2,0,1,0,1,19,16.923229052335234,-10.006139321837232
13.958128150231186,0,0,0,0,1,0,0,1,1,0,1,0,0,19,45.60219504578893,13.958128150231186
9.328500874580136,0,1,0,1,0,0,1,0,1,0,1,0,1,23,28.734187081763675,9.328500874580136
32.99338384543924,1,1,0,0,0,1,0,0,2,0,1,1,1,19,32.99338384543924,5.282275939204908
9.934203074115246,0,1,0,0,0,1,0,1,2,0,1,0,1,21,34.215513279377745,9.934203074115246
23.949613069377158,0,0,0,1,0,0,0,0,2,0,1,1,1,23,-2.245095978692742,23.949613069377158
35.839605411495384,0,1,0,0,0,0,1,1,1,0,1,0,1,32,6.904467845711839,35.839605411495384
16.42001759563977,1,0,0,1,0,0,1,0,2,0,1,0,1,29,16.42001759563977,-2.2775205237252685
8.145412067545863,1,0,0,0,1,0,0,1,2,0,1,1,1,21,8.145412067545863,41.61687744559137
22.958527854274568,0,1,0,1,0,0,0,0,2,1,1,1,1,29,40.07060949566323,22.958527854274568
23.07894171264497,0,0,0,0,0,1,0,1,1,1,1,1,0,30,-7.759933934733322,23.07894171264497
52.374055777162425,1,1,0,1,0,0,0,0,2,1,1,1,1,30,52.374055777162425,13.302637543312295
34.26623243214081,0,1,0,0,0,1,0,1,1,1,1,1,1,24,12.995990848290699,34.26623243214081
31.572601799811384,0,0,0,1,0,0,1,0,2,0,1,1,1,28,-1.5177213007459383,31.572601799811384
20.241520216428462,1,0,0,0,0,1,0,0,1,0,1,0,1,25,20.241520216428462,-27.491625068416578
-2.160190458709245,1,1,0,1,0,0,0,0,2,0,1,0,1,28,-2.160190458709245,2.210379224387501
17.29498873998842,0,0,0,1,0,1,0,1,2,0,1,1,1,29,23.091631744449693,17.29498873998842
20.23796174143957,0,0,1,1,0,0,0,0,1,0,1,1,1,33,11.044352286462669,20.23796174143957
38.08561219132945,0,1,0,1,0,0,1,0,1,0,1,1,1,41,8.577872273266948,38.08561219132945
38.042469479319266,0,0,0,1,0,0,1,0,2,0,1,1,1,19,30.011661697901346,38.042469479319266
46.892830939154415,0,0,0,1,0,1,0,1,1,1,1,1,1,31,16.223658956976806,46.892830939154415
6.535425572713173,0,1,0,1,0,0,0,0,2,0,1,0,1,28,24.80627360514557,6.535425572713173
21.653418526801364,0,0,1,1,0,0,0,1,1,0,1,1,1,30,37.778326486568176,21.653418526801364
68.65255459898415,0,1,0,1,0,0,1,1,2,0,1,1,1,23,27.798789315748568,68.65255459898415
50.66530061051667,0,1,0,1,0,1,0,1,2,0,1,1,1,19,19.592596809063455,50.66530061051667
30.998088291589102,0,0,0,1,0,0,1,1,2,1,1,1,1,29,53.38950046940765,30.998088291589102
28.286833073064866,0,0,0,1,0,0,1,0,1,0,1,1,1,28,21.747041266731785,28.286833073064866
6.872615946989978,0,1,0,1,0,0,0,0,1,0,1,1,1,31,-5.907791851591941,6.872615946989978
22.737547949350105,0,1,0,1,0,0,0,0,2,0,1,1,1,37,40.43510461153102,22.737547949350105
8.90953680591473,0,0,0,1,0,0,1,1,1,1,1,0,1,37,11.536817225876272,8.90953680591473
13.670995480091019,0,0,0,1,0,0,0,0,2,0,1,1,1,37,28.894531967558947,13.670995480091019
81.11680105221038,0,1,0,1,0,0,1,1,2,0,1,1,1,23,58.22349544170506,81.11680105221038
17.18342439782383,1,0,0,0,1,0,0,0,2,0,1,0,1,17,17.18342439782383,20.561023805120136
18.950351271807055,0,0,0,0,0,0,0,1,2,1,1,1,1,24,33.90107820564696,18.950351271807055
9.418254112019376,0,0,0,1,0,0,0,0,2,0,1,1,1,28,27.837329303971856,9.418254112019376
38.79308899152095,1,0,0,1,0,1,0,1,2,0,1,1,1,23,38.79308899152095,4.5949350107440345
2.7998950663479256,0,0,0,1,0,0,0,1,2,0,1,1,1,32,9.018018539225672,2.7998950663479256
28.917890523156096,0,0,0,0,0,1,0,1,2,0,1,1,1,26,-20.185466915031398,28.917890523156096
30.13917119937654,1,1,0,1,1,0,0,1,1,0,1,1,1,25,30.13917119937654,26.95987403921293
4.621089674621423,0,0,0,1,0,1,0,0,1,1,1,1,1,32,44.07437488836892,4.621089674621423
7.654730194147806,0,0,0,1,0,0,1,0,2,0,1,1,1,31,28.393542815553722,7.654730194147806
14.62411527950286,0,0,0,0,1,0,0,0,2,0,1,0,1,15,26.021595322186677,14.62411527950286
26.41320572247588,0,1,0,0,0,1,0,0,2,0,1,0,1,19,35.57427308985342,26.41320572247588
-17.39497346583172,0,0,0,0,0,1,0,0,1,0,1,1,1,19,17.25734808815447,-17.39497346583172
51.71986505152032,0,0,0,0,0,1,0,1,2,0,1,1,1,19,9.141645215888914,51.71986505152032
24.106925960721135,0,1,0,0,1,0,0,0,2,0,1,1,1,32,31.625094826799277,24.106925960721135
29.173327136784877,0,1,0,0,0,0,1,0,2,0,1,1,1,22,38.612438849210754,29.173327136784877
3.5196092058661534,1,0,1,1,0,1,0,0,2,0,1,1,1,27,3.5196092058661534,20.873694868467148
36.97146617500752,1,1,0,0,1,0,0,0,2,0,1,1,1,20,36.97146617500752,42.571604580260576
50.3208126466322,0,1,1,1,0,0,1,1,1,0,1,1,1,25,16.958198082267256,50.3208126466322
29.789698726176315,1,1,0,1,1,0,0,1,1,0,1,0,1,22,29.789698726176315,28.749823833730687
42.93080607368941,1,0,0,1,0,0,0,0,2,0,1,1,1,28,42.93080607368941,23.150744044607627
19.179615347817602,1,1,0,0,0,0,1,1,1,0,1,0,1,27,19.179615347817602,11.478446156252494
13.039862179244148,0,1,0,1,0,1,0,0,1,1,1,1,1,23,33.611849491147034,13.039862179244148
39.57458540775377,0,1,0,0,0,1,0,1,2,1,1,1,1,20,53.613901489437154,39.57458540775377
5.721914977610377,1,0,1,1,0,0,0,0,1,0,1,0,1,29,5.721914977610377,10.141532887522219
25.344845894840578,0,1,0,1,0,0,1,0,1,0,1,1,1,32,21.800352068648202,25.344845894840578
9.809705700507095,0,0,0,1,0,1,0,0,2,0,1,1,1,22,9.444888223212509,9.809705700507095
24.954966203139097,0,1,0,0,1,0,0,0,2,0,1,1,1,15,39.29856142438928,24.954966203139097
9.842946739635774,0,0,0,1,1,0,0,0,2,0,1,1,1,34,39.88073639313397,9.842946739635774
5.768904561393867,1,0,0,1,0,0,0,0,1,0,1,0,1,30,5.768904561393867,-11.31843692261914
-0.1337547117403588,0,0,0,0,1,0,0,0,2,1,1,1,1,27,13.339975994346096,-0.1337547117403588
20.158556721048924,0,0,1,1,0,0,0,0,1,0,1,0,1,30,38.29068971261135,20.158556721048924
13.826563403831853,1,0,0,0,1,0,0,1,2,0,1,0,1,17,13.826563403831853,18.464820988814715
37.901613969772455,0,1,0,1,0,0,1,0,1,1,1,1,1,31,11.214498324536478,37.901613969772455
12.857329274051713,0,0,0,1,0,1,0,1,1,0,1,0,1,21,-4.235629838493194,12.857329274051713
57.028484986660665,0,0,0,0,0,1,0,1,2,0,1,1,1,23,24.78367311431312,57.028484986660665
10.630188356718602,1,1,0,0,0,1,0,0,1,0,1,0,1,32,10.630188356718602,23.33835396235084
27.067427912759094,1,0,0,1,0,0,1,0,2,0,1,1,1,26,27.067427912759094,13.608505107116088
52.48883412678653,0,1,1,0,0,1,0,1,2,0,1,0,1,23,41.21099311359678,52.48883412678653
39.20867911012874,0,0,0,0,1,0,0,1,1,0,1,0,1,20,25.12042914917632,39.20867911012874
32.278064502161016,0,0,0,0,0,0,1,1,1,0,1,1,1,29,16.045521883700104,32.278064502161016
17.45615270337835,1,0,0,1,0,0,1,0,1,0,1,1,1,29,17.45615270337835,20.879909076945477
-8.277693934083597,0,0,0,1,0,1,0,0,1,0,1,1,1,23,35.262975616030225,-8.277693934083597
6.437556477231681,0,1,0,0,0,1,0,1,2,0,1,0,1,18,10.972686360919807,6.437556477231681
14.707679117358122,0,0,0,1,0,0,0,0,1,1,1,1,1,39,3.2759086821125862,14.707679117358122
2.4901554643728243,1,0,0,0,0,1,0,1,1,0,1,0,1,26,2.4901554643728243,9.182564979634543
53.71365196109429,0,1,0,0,0,0,1,1,1,0,1,0,1,19,32.38939055068385,53.71365196109429
19.548412680786917,1,0,0,1,0,0,1,0,2,0,1,1,1,25,19.548412680786917,28.58302148864351
20.733298631278277,1,1,0,0,0,1,0,1,1,0,1,0,1,21,20.733298631278277,-32.787871873087056
18.838970118227802,1,0,1,0,0,0,1,1,1,0,1,1,1,22,18.838970118227802,9.630130616460082
21.913396194272696,1,0,0,0,1,0,0,0,2,0,1,0,1,17,21.913396194272696,17.685750673139726
-5.147636490948138,0,1,1,0,0,0,1,1,1,0,1,1,1,26,54.72266801096058,-5.147636490948138
21.138208850057836,0,1,0,1,0,0,1,1,1,0,1,1,1,27,36.98887067075836,21.138208850057836
-8.61115030166345,0,0,1,1,0,0,0,0,1,0,1,0,1,26,28.52989110523874,-8.61115030166345
4.748729557175116,0,1,1,1,0,1,0,0,1,0,1,0,1,34,29.826604950797904,4.748729557175116
4.185204477877751,0,1,0,0,1,0,0,1,1,0,1,0,0,21,24.288292597162673,4.185204477877751
9.594666980948872,0,0,0,1,0,0,1,1,1,0,1,0,1,36,27.26541473053394,9.594666980948872
7.3369184174151645,0,0,0,1,0,0,0,0,2,1,1,1,1,32,5.517082669734075,7.3369184174151645
2.371670516473821,0,0,0,0,0,1,0,0,1,0,1,1,1,28,-1.9698116236565948,2.371670516473821
30.858392598491896,0,1,0,1,0,0,0,0,2,0,1,1,1,28,37.1079062278627,30.858392598491896
55.80944971740306,0,0,0,1,0,1,0,1,2,1,1,1,1,26,11.667818482983929,55.80944971740306
25.851635454365493,1,0,0,1,0,1,0,1,1,1,1,1,1,26,25.851635454365493,2.4670250804387024
